--
-- PostgreSQL database dump
--

\restrict qhMjr0ccmoud1U9MlAFehckwfU06ymhWNxfhMIzKTNfb8sIKzoE1fGYfvM63OeJ

-- Dumped from database version 18.0
-- Dumped by pg_dump version 18.0

-- Started on 2025-11-26 12:43:41

SET statement_timeout = 0;
SET lock_timeout = 0;
SET idle_in_transaction_session_timeout = 0;
SET transaction_timeout = 0;
SET client_encoding = 'UTF8';
SET standard_conforming_strings = on;
SELECT pg_catalog.set_config('search_path', '', false);
SET check_function_bodies = false;
SET xmloption = content;
SET client_min_messages = warning;
SET row_security = off;

SET default_tablespace = '';

SET default_table_access_method = heap;

--
-- TOC entry 226 (class 1259 OID 16423)
-- Name: auth_group; Type: TABLE; Schema: public; Owner: postgres
--

CREATE TABLE public.auth_group (
    id integer NOT NULL,
    name character varying(150) NOT NULL
);


ALTER TABLE public.auth_group OWNER TO postgres;

--
-- TOC entry 225 (class 1259 OID 16422)
-- Name: auth_group_id_seq; Type: SEQUENCE; Schema: public; Owner: postgres
--

ALTER TABLE public.auth_group ALTER COLUMN id ADD GENERATED BY DEFAULT AS IDENTITY (
    SEQUENCE NAME public.auth_group_id_seq
    START WITH 1
    INCREMENT BY 1
    NO MINVALUE
    NO MAXVALUE
    CACHE 1
);


--
-- TOC entry 228 (class 1259 OID 16433)
-- Name: auth_group_permissions; Type: TABLE; Schema: public; Owner: postgres
--

CREATE TABLE public.auth_group_permissions (
    id bigint NOT NULL,
    group_id integer NOT NULL,
    permission_id integer NOT NULL
);


ALTER TABLE public.auth_group_permissions OWNER TO postgres;

--
-- TOC entry 227 (class 1259 OID 16432)
-- Name: auth_group_permissions_id_seq; Type: SEQUENCE; Schema: public; Owner: postgres
--

ALTER TABLE public.auth_group_permissions ALTER COLUMN id ADD GENERATED BY DEFAULT AS IDENTITY (
    SEQUENCE NAME public.auth_group_permissions_id_seq
    START WITH 1
    INCREMENT BY 1
    NO MINVALUE
    NO MAXVALUE
    CACHE 1
);


--
-- TOC entry 224 (class 1259 OID 16413)
-- Name: auth_permission; Type: TABLE; Schema: public; Owner: postgres
--

CREATE TABLE public.auth_permission (
    id integer NOT NULL,
    name character varying(255) NOT NULL,
    content_type_id integer NOT NULL,
    codename character varying(100) NOT NULL
);


ALTER TABLE public.auth_permission OWNER TO postgres;

--
-- TOC entry 223 (class 1259 OID 16412)
-- Name: auth_permission_id_seq; Type: SEQUENCE; Schema: public; Owner: postgres
--

ALTER TABLE public.auth_permission ALTER COLUMN id ADD GENERATED BY DEFAULT AS IDENTITY (
    SEQUENCE NAME public.auth_permission_id_seq
    START WITH 1
    INCREMENT BY 1
    NO MINVALUE
    NO MAXVALUE
    CACHE 1
);


--
-- TOC entry 230 (class 1259 OID 16442)
-- Name: auth_user; Type: TABLE; Schema: public; Owner: postgres
--

CREATE TABLE public.auth_user (
    id integer NOT NULL,
    password character varying(128) NOT NULL,
    last_login timestamp with time zone,
    is_superuser boolean NOT NULL,
    username character varying(150) NOT NULL,
    first_name character varying(150) NOT NULL,
    last_name character varying(150) NOT NULL,
    email character varying(254) NOT NULL,
    is_staff boolean NOT NULL,
    is_active boolean NOT NULL,
    date_joined timestamp with time zone NOT NULL
);


ALTER TABLE public.auth_user OWNER TO postgres;

--
-- TOC entry 232 (class 1259 OID 16461)
-- Name: auth_user_groups; Type: TABLE; Schema: public; Owner: postgres
--

CREATE TABLE public.auth_user_groups (
    id bigint NOT NULL,
    user_id integer NOT NULL,
    group_id integer NOT NULL
);


ALTER TABLE public.auth_user_groups OWNER TO postgres;

--
-- TOC entry 231 (class 1259 OID 16460)
-- Name: auth_user_groups_id_seq; Type: SEQUENCE; Schema: public; Owner: postgres
--

ALTER TABLE public.auth_user_groups ALTER COLUMN id ADD GENERATED BY DEFAULT AS IDENTITY (
    SEQUENCE NAME public.auth_user_groups_id_seq
    START WITH 1
    INCREMENT BY 1
    NO MINVALUE
    NO MAXVALUE
    CACHE 1
);


--
-- TOC entry 229 (class 1259 OID 16441)
-- Name: auth_user_id_seq; Type: SEQUENCE; Schema: public; Owner: postgres
--

ALTER TABLE public.auth_user ALTER COLUMN id ADD GENERATED BY DEFAULT AS IDENTITY (
    SEQUENCE NAME public.auth_user_id_seq
    START WITH 1
    INCREMENT BY 1
    NO MINVALUE
    NO MAXVALUE
    CACHE 1
);


--
-- TOC entry 234 (class 1259 OID 16470)
-- Name: auth_user_user_permissions; Type: TABLE; Schema: public; Owner: postgres
--

CREATE TABLE public.auth_user_user_permissions (
    id bigint NOT NULL,
    user_id integer NOT NULL,
    permission_id integer NOT NULL
);


ALTER TABLE public.auth_user_user_permissions OWNER TO postgres;

--
-- TOC entry 233 (class 1259 OID 16469)
-- Name: auth_user_user_permissions_id_seq; Type: SEQUENCE; Schema: public; Owner: postgres
--

ALTER TABLE public.auth_user_user_permissions ALTER COLUMN id ADD GENERATED BY DEFAULT AS IDENTITY (
    SEQUENCE NAME public.auth_user_user_permissions_id_seq
    START WITH 1
    INCREMENT BY 1
    NO MINVALUE
    NO MAXVALUE
    CACHE 1
);


--
-- TOC entry 238 (class 1259 OID 16572)
-- Name: consumers_barangay; Type: TABLE; Schema: public; Owner: postgres
--

CREATE TABLE public.consumers_barangay (
    id bigint NOT NULL,
    name character varying(100) NOT NULL
);


ALTER TABLE public.consumers_barangay OWNER TO postgres;

--
-- TOC entry 237 (class 1259 OID 16571)
-- Name: consumers_barangay_id_seq; Type: SEQUENCE; Schema: public; Owner: postgres
--

ALTER TABLE public.consumers_barangay ALTER COLUMN id ADD GENERATED BY DEFAULT AS IDENTITY (
    SEQUENCE NAME public.consumers_barangay_id_seq
    START WITH 1
    INCREMENT BY 1
    NO MINVALUE
    NO MAXVALUE
    CACHE 1
);


--
-- TOC entry 248 (class 1259 OID 16635)
-- Name: consumers_bill; Type: TABLE; Schema: public; Owner: postgres
--

CREATE TABLE public.consumers_bill (
    id bigint NOT NULL,
    billing_period date NOT NULL,
    due_date date NOT NULL,
    consumption integer NOT NULL,
    rate_per_cubic numeric(6,2) NOT NULL,
    fixed_charge numeric(8,2) NOT NULL,
    total_amount numeric(10,2) NOT NULL,
    status character varying(20) NOT NULL,
    created_at timestamp with time zone NOT NULL,
    consumer_id bigint NOT NULL,
    current_reading_id bigint NOT NULL,
    previous_reading_id bigint,
    CONSTRAINT consumers_bill_consumption_check CHECK ((consumption >= 0))
);


ALTER TABLE public.consumers_bill OWNER TO postgres;

--
-- TOC entry 247 (class 1259 OID 16634)
-- Name: consumers_bill_id_seq; Type: SEQUENCE; Schema: public; Owner: postgres
--

ALTER TABLE public.consumers_bill ALTER COLUMN id ADD GENERATED BY DEFAULT AS IDENTITY (
    SEQUENCE NAME public.consumers_bill_id_seq
    START WITH 1
    INCREMENT BY 1
    NO MINVALUE
    NO MAXVALUE
    CACHE 1
);


--
-- TOC entry 244 (class 1259 OID 16601)
-- Name: consumers_consumer; Type: TABLE; Schema: public; Owner: postgres
--

CREATE TABLE public.consumers_consumer (
    id bigint NOT NULL,
    first_name character varying(50) NOT NULL,
    middle_name character varying(50),
    last_name character varying(50) NOT NULL,
    birth_date date NOT NULL,
    gender character varying(10) NOT NULL,
    phone_number character varying(15) NOT NULL,
    civil_status character varying(10) NOT NULL,
    spouse_name character varying(50),
    household_number character varying(20) NOT NULL,
    usage_type character varying(20) NOT NULL,
    serial_number character varying(50) NOT NULL,
    first_reading integer NOT NULL,
    registration_date date NOT NULL,
    status character varying(20) NOT NULL,
    created_at timestamp with time zone NOT NULL,
    updated_at timestamp with time zone NOT NULL,
    barangay_id bigint,
    meter_brand_id bigint,
    purok_id bigint,
    account_number character varying(20) NOT NULL,
    disconnect_reason character varying(200)
);


ALTER TABLE public.consumers_consumer OWNER TO postgres;

--
-- TOC entry 243 (class 1259 OID 16600)
-- Name: consumers_consumer_id_seq; Type: SEQUENCE; Schema: public; Owner: postgres
--

ALTER TABLE public.consumers_consumer ALTER COLUMN id ADD GENERATED BY DEFAULT AS IDENTITY (
    SEQUENCE NAME public.consumers_consumer_id_seq
    START WITH 1
    INCREMENT BY 1
    NO MINVALUE
    NO MAXVALUE
    CACHE 1
);


--
-- TOC entry 240 (class 1259 OID 16582)
-- Name: consumers_meterbrand; Type: TABLE; Schema: public; Owner: postgres
--

CREATE TABLE public.consumers_meterbrand (
    id bigint NOT NULL,
    name character varying(100) NOT NULL
);


ALTER TABLE public.consumers_meterbrand OWNER TO postgres;

--
-- TOC entry 239 (class 1259 OID 16581)
-- Name: consumers_meterbrand_id_seq; Type: SEQUENCE; Schema: public; Owner: postgres
--

ALTER TABLE public.consumers_meterbrand ALTER COLUMN id ADD GENERATED BY DEFAULT AS IDENTITY (
    SEQUENCE NAME public.consumers_meterbrand_id_seq
    START WITH 1
    INCREMENT BY 1
    NO MINVALUE
    NO MAXVALUE
    CACHE 1
);


--
-- TOC entry 246 (class 1259 OID 16622)
-- Name: consumers_meterreading; Type: TABLE; Schema: public; Owner: postgres
--

CREATE TABLE public.consumers_meterreading (
    id bigint NOT NULL,
    reading_date date NOT NULL,
    reading_value integer NOT NULL,
    source character varying(50) NOT NULL,
    is_confirmed boolean NOT NULL,
    created_at timestamp with time zone NOT NULL,
    consumer_id bigint NOT NULL
);


ALTER TABLE public.consumers_meterreading OWNER TO postgres;

--
-- TOC entry 245 (class 1259 OID 16621)
-- Name: consumers_meterreading_id_seq; Type: SEQUENCE; Schema: public; Owner: postgres
--

ALTER TABLE public.consumers_meterreading ALTER COLUMN id ADD GENERATED BY DEFAULT AS IDENTITY (
    SEQUENCE NAME public.consumers_meterreading_id_seq
    START WITH 1
    INCREMENT BY 1
    NO MINVALUE
    NO MAXVALUE
    CACHE 1
);


--
-- TOC entry 252 (class 1259 OID 16718)
-- Name: consumers_payment; Type: TABLE; Schema: public; Owner: postgres
--

CREATE TABLE public.consumers_payment (
    id bigint NOT NULL,
    amount_paid numeric(10,2) NOT NULL,
    received_amount numeric(10,2) NOT NULL,
    change numeric(10,2) NOT NULL,
    or_number character varying(50) NOT NULL,
    payment_date timestamp with time zone NOT NULL,
    bill_id bigint NOT NULL
);


ALTER TABLE public.consumers_payment OWNER TO postgres;

--
-- TOC entry 251 (class 1259 OID 16717)
-- Name: consumers_payment_id_seq; Type: SEQUENCE; Schema: public; Owner: postgres
--

ALTER TABLE public.consumers_payment ALTER COLUMN id ADD GENERATED BY DEFAULT AS IDENTITY (
    SEQUENCE NAME public.consumers_payment_id_seq
    START WITH 1
    INCREMENT BY 1
    NO MINVALUE
    NO MAXVALUE
    CACHE 1
);


--
-- TOC entry 250 (class 1259 OID 16653)
-- Name: consumers_purok; Type: TABLE; Schema: public; Owner: postgres
--

CREATE TABLE public.consumers_purok (
    id bigint NOT NULL,
    name character varying(100) NOT NULL,
    barangay_id bigint NOT NULL
);


ALTER TABLE public.consumers_purok OWNER TO postgres;

--
-- TOC entry 249 (class 1259 OID 16652)
-- Name: consumers_purok_id_seq; Type: SEQUENCE; Schema: public; Owner: postgres
--

ALTER TABLE public.consumers_purok ALTER COLUMN id ADD GENERATED BY DEFAULT AS IDENTITY (
    SEQUENCE NAME public.consumers_purok_id_seq
    START WITH 1
    INCREMENT BY 1
    NO MINVALUE
    NO MAXVALUE
    CACHE 1
);


--
-- TOC entry 254 (class 1259 OID 16741)
-- Name: consumers_staffprofile; Type: TABLE; Schema: public; Owner: postgres
--

CREATE TABLE public.consumers_staffprofile (
    id bigint NOT NULL,
    role character varying(20) NOT NULL,
    assigned_barangay_id bigint NOT NULL,
    user_id integer NOT NULL
);


ALTER TABLE public.consumers_staffprofile OWNER TO postgres;

--
-- TOC entry 253 (class 1259 OID 16740)
-- Name: consumers_staffprofile_id_seq; Type: SEQUENCE; Schema: public; Owner: postgres
--

ALTER TABLE public.consumers_staffprofile ALTER COLUMN id ADD GENERATED BY DEFAULT AS IDENTITY (
    SEQUENCE NAME public.consumers_staffprofile_id_seq
    START WITH 1
    INCREMENT BY 1
    NO MINVALUE
    NO MAXVALUE
    CACHE 1
);


--
-- TOC entry 242 (class 1259 OID 16592)
-- Name: consumers_systemsetting; Type: TABLE; Schema: public; Owner: postgres
--

CREATE TABLE public.consumers_systemsetting (
    id bigint NOT NULL,
    updated_at timestamp with time zone NOT NULL,
    commercial_rate_per_cubic numeric(10,2) NOT NULL,
    residential_rate_per_cubic numeric(10,2) NOT NULL
);


ALTER TABLE public.consumers_systemsetting OWNER TO postgres;

--
-- TOC entry 241 (class 1259 OID 16591)
-- Name: consumers_systemsetting_id_seq; Type: SEQUENCE; Schema: public; Owner: postgres
--

ALTER TABLE public.consumers_systemsetting ALTER COLUMN id ADD GENERATED BY DEFAULT AS IDENTITY (
    SEQUENCE NAME public.consumers_systemsetting_id_seq
    START WITH 1
    INCREMENT BY 1
    NO MINVALUE
    NO MAXVALUE
    CACHE 1
);


--
-- TOC entry 257 (class 1259 OID 16785)
-- Name: consumers_userloginevent; Type: TABLE; Schema: public; Owner: postgres
--

CREATE TABLE public.consumers_userloginevent (
    id bigint NOT NULL,
    login_timestamp timestamp with time zone NOT NULL,
    user_id integer NOT NULL,
    ip_address inet,
    login_method character varying(20) NOT NULL,
    logout_timestamp timestamp with time zone,
    session_key character varying(40),
    status character varying(20) NOT NULL,
    user_agent text NOT NULL
);


ALTER TABLE public.consumers_userloginevent OWNER TO postgres;

--
-- TOC entry 256 (class 1259 OID 16784)
-- Name: consumers_userloginevent_id_seq; Type: SEQUENCE; Schema: public; Owner: postgres
--

ALTER TABLE public.consumers_userloginevent ALTER COLUMN id ADD GENERATED BY DEFAULT AS IDENTITY (
    SEQUENCE NAME public.consumers_userloginevent_id_seq
    START WITH 1
    INCREMENT BY 1
    NO MINVALUE
    NO MAXVALUE
    CACHE 1
);


--
-- TOC entry 236 (class 1259 OID 16531)
-- Name: django_admin_log; Type: TABLE; Schema: public; Owner: postgres
--

CREATE TABLE public.django_admin_log (
    id integer NOT NULL,
    action_time timestamp with time zone NOT NULL,
    object_id text,
    object_repr character varying(200) NOT NULL,
    action_flag smallint NOT NULL,
    change_message text NOT NULL,
    content_type_id integer,
    user_id integer NOT NULL,
    CONSTRAINT django_admin_log_action_flag_check CHECK ((action_flag >= 0))
);


ALTER TABLE public.django_admin_log OWNER TO postgres;

--
-- TOC entry 235 (class 1259 OID 16530)
-- Name: django_admin_log_id_seq; Type: SEQUENCE; Schema: public; Owner: postgres
--

ALTER TABLE public.django_admin_log ALTER COLUMN id ADD GENERATED BY DEFAULT AS IDENTITY (
    SEQUENCE NAME public.django_admin_log_id_seq
    START WITH 1
    INCREMENT BY 1
    NO MINVALUE
    NO MAXVALUE
    CACHE 1
);


--
-- TOC entry 222 (class 1259 OID 16401)
-- Name: django_content_type; Type: TABLE; Schema: public; Owner: postgres
--

CREATE TABLE public.django_content_type (
    id integer NOT NULL,
    app_label character varying(100) NOT NULL,
    model character varying(100) NOT NULL
);


ALTER TABLE public.django_content_type OWNER TO postgres;

--
-- TOC entry 221 (class 1259 OID 16400)
-- Name: django_content_type_id_seq; Type: SEQUENCE; Schema: public; Owner: postgres
--

ALTER TABLE public.django_content_type ALTER COLUMN id ADD GENERATED BY DEFAULT AS IDENTITY (
    SEQUENCE NAME public.django_content_type_id_seq
    START WITH 1
    INCREMENT BY 1
    NO MINVALUE
    NO MAXVALUE
    CACHE 1
);


--
-- TOC entry 220 (class 1259 OID 16389)
-- Name: django_migrations; Type: TABLE; Schema: public; Owner: postgres
--

CREATE TABLE public.django_migrations (
    id bigint NOT NULL,
    app character varying(255) NOT NULL,
    name character varying(255) NOT NULL,
    applied timestamp with time zone NOT NULL
);


ALTER TABLE public.django_migrations OWNER TO postgres;

--
-- TOC entry 219 (class 1259 OID 16388)
-- Name: django_migrations_id_seq; Type: SEQUENCE; Schema: public; Owner: postgres
--

ALTER TABLE public.django_migrations ALTER COLUMN id ADD GENERATED BY DEFAULT AS IDENTITY (
    SEQUENCE NAME public.django_migrations_id_seq
    START WITH 1
    INCREMENT BY 1
    NO MINVALUE
    NO MAXVALUE
    CACHE 1
);


--
-- TOC entry 255 (class 1259 OID 16768)
-- Name: django_session; Type: TABLE; Schema: public; Owner: postgres
--

CREATE TABLE public.django_session (
    session_key character varying(40) NOT NULL,
    session_data text NOT NULL,
    expire_date timestamp with time zone NOT NULL
);


ALTER TABLE public.django_session OWNER TO postgres;

--
-- TOC entry 5178 (class 0 OID 16423)
-- Dependencies: 226
-- Data for Name: auth_group; Type: TABLE DATA; Schema: public; Owner: postgres
--

COPY public.auth_group (id, name) FROM stdin;
\.


--
-- TOC entry 5180 (class 0 OID 16433)
-- Dependencies: 228
-- Data for Name: auth_group_permissions; Type: TABLE DATA; Schema: public; Owner: postgres
--

COPY public.auth_group_permissions (id, group_id, permission_id) FROM stdin;
\.


--
-- TOC entry 5176 (class 0 OID 16413)
-- Dependencies: 224
-- Data for Name: auth_permission; Type: TABLE DATA; Schema: public; Owner: postgres
--

COPY public.auth_permission (id, name, content_type_id, codename) FROM stdin;
1	Can add log entry	1	add_logentry
2	Can change log entry	1	change_logentry
3	Can delete log entry	1	delete_logentry
4	Can view log entry	1	view_logentry
5	Can add permission	2	add_permission
6	Can change permission	2	change_permission
7	Can delete permission	2	delete_permission
8	Can view permission	2	view_permission
9	Can add group	3	add_group
10	Can change group	3	change_group
11	Can delete group	3	delete_group
12	Can view group	3	view_group
13	Can add user	4	add_user
14	Can change user	4	change_user
15	Can delete user	4	delete_user
16	Can view user	4	view_user
17	Can add content type	5	add_contenttype
18	Can change content type	5	change_contenttype
19	Can delete content type	5	delete_contenttype
20	Can view content type	5	view_contenttype
21	Can add session	6	add_session
22	Can change session	6	change_session
23	Can delete session	6	delete_session
24	Can view session	6	view_session
25	Can add barangay	7	add_barangay
26	Can change barangay	7	change_barangay
27	Can delete barangay	7	delete_barangay
28	Can view barangay	7	view_barangay
29	Can add meter brand	8	add_meterbrand
30	Can change meter brand	8	change_meterbrand
31	Can delete meter brand	8	delete_meterbrand
32	Can view meter brand	8	view_meterbrand
33	Can add system setting	9	add_systemsetting
34	Can change system setting	9	change_systemsetting
35	Can delete system setting	9	delete_systemsetting
36	Can view system setting	9	view_systemsetting
37	Can add consumer	10	add_consumer
38	Can change consumer	10	change_consumer
39	Can delete consumer	10	delete_consumer
40	Can view consumer	10	view_consumer
41	Can add meter reading	11	add_meterreading
42	Can change meter reading	11	change_meterreading
43	Can delete meter reading	11	delete_meterreading
44	Can view meter reading	11	view_meterreading
45	Can add Utility Bill	12	add_bill
46	Can change Utility Bill	12	change_bill
47	Can delete Utility Bill	12	delete_bill
48	Can view Utility Bill	12	view_bill
49	Can add purok	13	add_purok
50	Can change purok	13	change_purok
51	Can delete purok	13	delete_purok
52	Can view purok	13	view_purok
53	Can add Payment	14	add_payment
54	Can change Payment	14	change_payment
55	Can delete Payment	14	delete_payment
56	Can view Payment	14	view_payment
57	Can add staff profile	15	add_staffprofile
58	Can change staff profile	15	change_staffprofile
59	Can delete staff profile	15	delete_staffprofile
60	Can view staff profile	15	view_staffprofile
61	Can add user login event	16	add_userloginevent
62	Can change user login event	16	change_userloginevent
63	Can delete user login event	16	delete_userloginevent
64	Can view user login event	16	view_userloginevent
\.


--
-- TOC entry 5182 (class 0 OID 16442)
-- Dependencies: 230
-- Data for Name: auth_user; Type: TABLE DATA; Schema: public; Owner: postgres
--

COPY public.auth_user (id, password, last_login, is_superuser, username, first_name, last_name, email, is_staff, is_active, date_joined) FROM stdin;
1	pbkdf2_sha256$1000000$mSqtwQVGgmqVidhlE4R6UF$bauXsN75kWMD3y7OD296TAZgk0KTgZvt9MCSKJDMpGc=	2025-11-12 05:52:56.281749+08	t	admin			admin@email.com	t	t	2025-10-28 14:04:15.787488+08
2	pbkdf2_sha256$1000000$4WVz8yDsUYWobDcPemrFW7$r7ihVWDcJenFEGp4TNspBvnoB1tayT53vIm1z2XTjvE=	2025-11-11 22:08:56.581732+08	f	jest	Jest	T	jest@email.com	t	t	2025-10-28 14:09:22+08
3	pbkdf2_sha256$1000000$bLEstWbz336n8WAJK0eGYQ$gibRUu+gHLwkVEBhau1RhEoPV7BfHRSXBydzYv58z/8=	2025-11-12 05:13:02.325985+08	f	Virginia_07	Virginia	Lacea	jest@email.com	t	t	2025-10-29 13:14:10+08
\.


--
-- TOC entry 5184 (class 0 OID 16461)
-- Dependencies: 232
-- Data for Name: auth_user_groups; Type: TABLE DATA; Schema: public; Owner: postgres
--

COPY public.auth_user_groups (id, user_id, group_id) FROM stdin;
\.


--
-- TOC entry 5186 (class 0 OID 16470)
-- Dependencies: 234
-- Data for Name: auth_user_user_permissions; Type: TABLE DATA; Schema: public; Owner: postgres
--

COPY public.auth_user_user_permissions (id, user_id, permission_id) FROM stdin;
\.


--
-- TOC entry 5190 (class 0 OID 16572)
-- Dependencies: 238
-- Data for Name: consumers_barangay; Type: TABLE DATA; Schema: public; Owner: postgres
--

COPY public.consumers_barangay (id, name) FROM stdin;
1	Cabad
2	Datag Sur
3	Boyog Sur
4	Boyog Norte
5	Boyog Proper
6	Baucan Norte
7	Baucan Sur
8	Cantomimbo
9	Datag Norte
10	Cogon
11	Del Carmen Sur
12	Del Carmen Weste
13	Dorol
14	Santo Niño
\.


--
-- TOC entry 5200 (class 0 OID 16635)
-- Dependencies: 248
-- Data for Name: consumers_bill; Type: TABLE DATA; Schema: public; Owner: postgres
--

COPY public.consumers_bill (id, billing_period, due_date, consumption, rate_per_cubic, fixed_charge, total_amount, status, created_at, consumer_id, current_reading_id, previous_reading_id) FROM stdin;
1	2025-10-01	2025-10-20	9	22.50	50.00	252.50	Paid	2025-10-28 16:09:28.741989+08	1	1	2
3	2025-09-01	2025-09-20	4	22.50	50.00	140.00	Paid	2025-10-28 16:23:33.724049+08	3	6	3
4	2025-08-01	2025-08-20	1	22.50	50.00	72.50	Paid	2025-10-28 16:23:33.738939+08	3	4	3
2	2025-10-01	2025-10-20	4	22.50	50.00	140.00	Paid	2025-10-28 16:23:33.724049+08	1	5	1
9	2025-10-01	2025-10-20	60	22.50	50.00	1400.00	Pending	2025-10-28 19:50:31.637181+08	3	12	7
5	2025-10-01	2025-10-20	8	22.50	50.00	230.00	Paid	2025-10-28 16:46:25.083709+08	3	7	6
7	2025-10-01	2025-10-20	58	22.50	50.00	1355.00	Paid	2025-10-28 19:16:28.621804+08	1	9	2
8	2025-10-01	2025-10-20	4	22.50	50.00	140.00	Paid	2025-10-28 19:18:05.884979+08	4	10	11
6	2025-10-01	2025-10-20	30	22.50	50.00	725.00	Paid	2025-10-28 18:51:02.236368+08	3	8	7
11	2025-11-01	2025-11-20	6	22.50	50.00	185.00	Pending	2025-11-06 17:42:53.987928+08	9	20	\N
12	2025-10-01	2025-10-20	7	22.50	50.00	207.50	Pending	2025-11-06 17:46:54.385007+08	8	22	\N
13	2025-11-01	2025-11-20	74	22.50	50.00	1715.00	Pending	2025-11-06 17:55:35.475958+08	8	23	22
14	2025-10-01	2025-10-20	5	22.50	50.00	162.50	Pending	2025-11-06 19:03:45.52121+08	7	24	\N
10	2025-11-01	2025-11-20	1	22.50	50.00	72.50	Paid	2025-11-06 17:41:09.521159+08	6	21	\N
15	2025-11-01	2025-11-20	5	22.50	50.00	162.50	Paid	2025-11-06 19:04:46.503744+08	7	25	24
\.


--
-- TOC entry 5196 (class 0 OID 16601)
-- Dependencies: 244
-- Data for Name: consumers_consumer; Type: TABLE DATA; Schema: public; Owner: postgres
--

COPY public.consumers_consumer (id, first_name, middle_name, last_name, birth_date, gender, phone_number, civil_status, spouse_name, household_number, usage_type, serial_number, first_reading, registration_date, status, created_at, updated_at, barangay_id, meter_brand_id, purok_id, account_number, disconnect_reason) FROM stdin;
9	Miley	Jes	Fuller	2025-12-19	Male	09814568265	Married	Margatio	1233	Residential	0005	5	2025-10-30	active	2025-10-30 16:41:43.023264+08	2025-10-30 16:41:43.023264+08	4	2	10	BW-00008	\N
12	Jasper	Jay	Richardson	2010-02-02	Male	09876546781	Married	Jay Alo	111	Residential	099	8	2025-10-04	active	2025-10-30 16:45:20.981493+08	2025-10-30 16:45:20.981493+08	4	1	8	BW-00011	\N
1	Kim	B	Balani	2003-06-28	Female	09233244543	Single	n\\a	10	Commercial	8377447	5	2025-10-28	active	2025-10-28 14:20:14.729418+08	2025-10-30 16:45:59.18756+08	4	1	10	BW-00000	\N
4	Jovelyn	O	Valentos	2003-06-28	Female	09233244534	Single	n\\a	16	Residential	8377447	4	2025-10-28	active	2025-10-28 19:15:44.762591+08	2025-10-30 16:46:14.029099+08	4	1	10	BW-00003	\N
3	Jest	E	Send	1998-07-28	Male	09233244546	Single	n\\a	15	Residential	8377447	2	2025-10-28	active	2025-10-28 16:12:31.200307+08	2025-10-30 16:46:37.299583+08	4	1	10	BW-00002	\N
2	James	G	Bunso	2007-06-28	Male	09233244541	Single	n\\a	09	Residential	8377447	5	2025-10-28	active	2025-10-28 15:07:16.121815+08	2025-10-30 16:46:50.971858+08	4	1	10	BW-00001	\N
5	Clarissa	n/a	jaum	2025-10-29	Female	09422471831	Widowed	Wael	10	Residential	123456789	10	2025-10-28	active	2025-10-29 13:18:03.399426+08	2025-10-31 17:58:00.542759+08	4	2	8	BW-00004	
7	Sheryl	Bue	Juan	2024-11-06	Female	09382448375	Single	\N	00002	Residential	122	0	2025-10-29	active	2025-10-30 16:36:42.996784+08	2025-10-31 17:58:44.838299+08	4	1	9	BW-00006	
8	Aria	ja	Sandoval	2003-12-15	Male	09562781982	Married	Logirito Ja	003	Residential	0024	1	2025-10-28	active	2025-10-30 16:40:20.428328+08	2025-10-31 18:00:35.266975+08	4	1	10	BW-00007	
6	Jestonie	Uknown	Endres	2000-07-07	Male	09382448386666	Single	\N	00000	Residential	000001	0	2025-10-30	active	2025-10-30 16:34:07.63732+08	2025-10-31 18:00:42.901546+08	4	1	8	BW-00005	
11	Dulce	Howar	Jay	2025-09-29	Male	09834567891	Single	\N	14566	Residential	766	1	2025-10-30	active	2025-10-30 16:44:02.127667+08	2025-11-03 22:42:10.444094+08	4	1	9	BW-00010	
10	Van Arcel	Masbi	Luong	2025-10-14	Male	09876546789	Single	\N	7666	Commercial	145	8	2025-10-23	disconnected	2025-10-30 16:42:47.524804+08	2025-11-06 15:20:10.942791+08	4	1	8	BW-00009	
\.


--
-- TOC entry 5192 (class 0 OID 16582)
-- Dependencies: 240
-- Data for Name: consumers_meterbrand; Type: TABLE DATA; Schema: public; Owner: postgres
--

COPY public.consumers_meterbrand (id, name) FROM stdin;
1	Aquq
2	Lg
\.


--
-- TOC entry 5198 (class 0 OID 16622)
-- Dependencies: 246
-- Data for Name: consumers_meterreading; Type: TABLE DATA; Schema: public; Owner: postgres
--

COPY public.consumers_meterreading (id, reading_date, reading_value, source, is_confirmed, created_at, consumer_id) FROM stdin;
2	2025-09-01	2	mobile_app	f	2025-10-28 15:05:11.785819+08	1
1	2025-10-28	11	mobile_app	t	2025-10-28 14:34:15.408268+08	1
3	2025-07-01	8	mobile_app	f	2025-10-28 16:14:15.169768+08	3
5	2025-10-29	15	mobile_app	t	2025-10-28 16:18:07.684454+08	1
6	2025-09-01	12	mobile_app	t	2025-10-28 16:19:32.436555+08	3
4	2025-08-01	9	mobile_app	t	2025-10-28 16:15:28.845044+08	3
7	2025-10-19	20	mobile_app	t	2025-10-28 16:41:02.900497+08	3
8	2025-10-28	50	mobile_app	t	2025-10-28 16:59:40.070834+08	3
9	2025-10-27	60	mobile_app	t	2025-10-28 19:13:16.473991+08	1
11	2025-08-01	6	mobile_app	f	2025-10-28 19:17:22.601025+08	4
10	2025-10-28	10	mobile_app	t	2025-10-28 19:16:09.030128+08	4
12	2025-10-27	80	mobile_app	t	2025-10-28 19:20:26.606209+08	3
13	2025-09-15	80	mobile_app	f	2025-10-28 21:40:30.552605+08	3
14	2025-10-20	90	mobile_app	f	2025-10-28 21:41:27.772744+08	3
15	2025-10-26	99	mobile_app	f	2025-10-28 21:42:16.214133+08	3
16	2025-09-16	54705	mobile_app	f	2025-10-30 08:40:11.447054+08	5
18	2025-11-30	2155	mobile_app	f	2025-10-30 08:45:38.229496+08	5
17	2025-10-30	2160	mobile_app	f	2025-10-30 08:42:23.056167+08	5
19	2025-08-15	1234	mobile_app	f	2025-10-30 08:48:11.090152+08	5
21	2025-11-06	1	mobile_app	t	2025-11-06 17:01:36.777173+08	6
20	2025-11-06	6	mobile_app	t	2025-11-06 15:30:52.33178+08	9
22	2025-10-01	7	mobile_app	t	2025-11-06 17:44:59.597193+08	8
23	2025-11-06	81	mobile_app	t	2025-11-06 17:55:15.550649+08	8
24	2025-10-01	5	mobile_app	t	2025-11-06 19:02:57.940838+08	7
25	2025-11-06	10	mobile_app	t	2025-11-06 19:04:17.178973+08	7
26	2025-10-01	100	mobile_app	f	2025-11-06 19:15:59.771733+08	2
27	2025-10-01	68	mobile_app	f	2025-11-06 22:29:37.316943+08	11
28	2025-11-06	8	mobile_app	f	2025-11-06 23:47:52.302194+08	5
30	2025-11-11	90	mobile_app	f	2025-11-11 22:33:28.391945+08	5
29	2025-11-11	22	mobile_app	f	2025-11-11 21:57:08.986562+08	8
\.


--
-- TOC entry 5204 (class 0 OID 16718)
-- Dependencies: 252
-- Data for Name: consumers_payment; Type: TABLE DATA; Schema: public; Owner: postgres
--

COPY public.consumers_payment (id, amount_paid, received_amount, change, or_number, payment_date, bill_id) FROM stdin;
1	252.50	500.00	247.50	OR-20251028-FF438F	2025-10-28 16:18:38.696035+08	1
2	140.00	200.00	60.00	OR-20251028-0D4052	2025-10-28 16:24:39.341253+08	3
3	72.50	100.00	27.50	OR-20251028-A3D971	2025-10-28 16:39:06.535773+08	4
4	140.00	150.00	10.00	OR-20251028-C6C34C	2025-10-28 16:39:30.5088+08	2
5	230.00	500.00	270.00	OR-20251028-509B13	2025-10-28 21:42:57.264037+08	5
6	1355.00	1500.00	145.00	OR-20251030-2F3CCD	2025-10-30 16:47:49.370001+08	7
7	140.00	200.00	60.00	OR-20251105-D98BB8	2025-11-05 23:09:57.13754+08	8
8	725.00	1000.00	275.00	OR-20251106-FF5A63	2025-11-06 15:23:32.895499+08	6
9	72.50	100.00	27.50	OR-20251111-629544	2025-11-11 12:38:17.711609+08	10
10	162.50	170.00	7.50	OR-20251111-53801B	2025-11-11 21:01:57.705923+08	15
\.


--
-- TOC entry 5202 (class 0 OID 16653)
-- Dependencies: 250
-- Data for Name: consumers_purok; Type: TABLE DATA; Schema: public; Owner: postgres
--

COPY public.consumers_purok (id, name, barangay_id) FROM stdin;
1	1	1
2	2	1
3	3	1
4	A	2
5	B	2
6	C	2
7	D	2
8	Luy-A	4
9	batong	4
10	Gabi	4
\.


--
-- TOC entry 5206 (class 0 OID 16741)
-- Dependencies: 254
-- Data for Name: consumers_staffprofile; Type: TABLE DATA; Schema: public; Owner: postgres
--

COPY public.consumers_staffprofile (id, role, assigned_barangay_id, user_id) FROM stdin;
1	field_staff	1	2
2	field_staff	4	3
\.


--
-- TOC entry 5194 (class 0 OID 16592)
-- Dependencies: 242
-- Data for Name: consumers_systemsetting; Type: TABLE DATA; Schema: public; Owner: postgres
--

COPY public.consumers_systemsetting (id, updated_at, commercial_rate_per_cubic, residential_rate_per_cubic) FROM stdin;
1	2025-11-11 21:01:16.884046+08	50.00	22.50
\.


--
-- TOC entry 5209 (class 0 OID 16785)
-- Dependencies: 257
-- Data for Name: consumers_userloginevent; Type: TABLE DATA; Schema: public; Owner: postgres
--

COPY public.consumers_userloginevent (id, login_timestamp, user_id, ip_address, login_method, logout_timestamp, session_key, status, user_agent) FROM stdin;
1	2025-11-05 22:58:26.422918+08	3	\N	web	\N	\N	success	
2	2025-11-05 23:00:25.172834+08	2	\N	web	\N	\N	success	
3	2025-11-06 14:28:03.457913+08	3	\N	web	\N	\N	success	
4	2025-11-06 14:29:59.047111+08	2	\N	web	\N	\N	success	
5	2025-11-06 15:25:33.578491+08	3	\N	web	\N	\N	success	
6	2025-11-06 15:25:35.142362+08	3	\N	web	\N	\N	success	
7	2025-11-06 15:25:52.128938+08	3	\N	web	\N	\N	success	
8	2025-11-06 15:26:37.757359+08	3	\N	web	\N	\N	success	
9	2025-11-06 15:26:37.964057+08	3	\N	web	\N	\N	success	
10	2025-11-06 15:28:45.248544+08	3	\N	web	\N	\N	success	
11	2025-11-06 15:34:56.796332+08	3	\N	web	\N	\N	success	
12	2025-11-06 15:46:54.54375+08	3	\N	web	\N	\N	success	
13	2025-11-06 15:48:05.779748+08	3	\N	web	\N	\N	success	
14	2025-11-06 16:16:51.541882+08	3	\N	web	\N	\N	success	
15	2025-11-06 16:23:25.214482+08	3	\N	web	\N	\N	success	
16	2025-11-06 16:54:27.059079+08	3	\N	web	\N	\N	success	
17	2025-11-06 16:54:29.004448+08	3	\N	web	\N	\N	success	
18	2025-11-06 16:55:29.451788+08	3	\N	web	\N	\N	success	
19	2025-11-06 17:01:19.862572+08	3	\N	web	\N	\N	success	
20	2025-11-06 17:44:06.671722+08	3	\N	web	\N	\N	success	
21	2025-11-06 17:56:10.627422+08	3	\N	web	\N	\N	success	
22	2025-11-06 18:54:24.960075+08	3	\N	web	\N	\N	success	
23	2025-11-06 19:01:29.236148+08	3	\N	web	\N	\N	success	
24	2025-11-06 19:05:08.607776+08	3	\N	web	\N	\N	success	
25	2025-11-06 19:15:32.455+08	3	\N	web	\N	\N	success	
26	2025-11-06 22:28:35.259998+08	3	\N	web	\N	\N	success	
27	2025-11-06 22:52:58.58716+08	3	\N	web	\N	\N	success	
28	2025-11-06 23:45:56.180389+08	3	\N	web	\N	\N	success	
29	2025-11-06 23:47:30.767853+08	3	\N	web	\N	\N	success	
30	2025-11-11 21:49:00.867435+08	2	\N	web	\N	\N	success	
31	2025-11-11 21:56:37.926751+08	3	192.168.100.18	mobile	\N	kp5mx59devi7d9w0vhpss28r0i5we5bz	success	okhttp/4.10.0
32	2025-11-11 22:02:22.955873+08	1	127.0.0.1	web	\N	tbp6ewxakdiba4ejd80axzm1qn5hfxuz	success	Mozilla/5.0 (Windows NT 10.0; Win64; x64) AppleWebKit/537.36 (KHTML, like Gecko) Chrome/122.0.6261.95 Safari/537.36
33	2025-11-11 22:08:56.590279+08	2	192.168.100.18	mobile	\N	o8jnzmrkkwm6s7bvifkwbqcyxtsvpqsi	success	okhttp/4.10.0
34	2025-11-11 22:31:43.213215+08	1	127.0.0.1	web	\N	igttjm8hkcrdeywg3w7kehx2p6z0jgtm	success	Mozilla/5.0 (Windows NT 10.0; Win64; x64) AppleWebKit/537.36 (KHTML, like Gecko) Chrome/122.0.6261.95 Safari/537.36
35	2025-11-11 22:32:06.651432+08	1	127.0.0.1	web	\N	igttjm8hkcrdeywg3w7kehx2p6z0jgtm	success	Mozilla/5.0 (Windows NT 10.0; Win64; x64) AppleWebKit/537.36 (KHTML, like Gecko) Chrome/122.0.6261.95 Safari/537.36
36	2025-11-11 22:33:07.4854+08	3	192.168.100.18	mobile	\N	isia2gmqlk7l37i6k9et94jt9utgfbky	success	okhttp/4.10.0
37	2025-11-12 04:52:28.629972+08	1	127.0.0.1	web	\N	ndpyesxyggruvvfnighkp8g1mhtck3ja	success	Mozilla/5.0 (Windows NT 10.0; Win64; x64) AppleWebKit/537.36 (KHTML, like Gecko) Chrome/122.0.6261.95 Safari/537.36
38	2025-11-12 04:54:27.098569+08	1	127.0.0.1	web	\N	v12s9brxnbkyjsrhh0t74cenfgiiorwz	success	Mozilla/5.0 (Windows NT 10.0; Win64; x64) AppleWebKit/537.36 (KHTML, like Gecko) Chrome/122.0.6261.95 Safari/537.36
39	2025-11-12 05:01:44.114788+08	1	127.0.0.1	web	\N	mqh2pzde7xtx2v6xsz3e1tegrgn09o70	success	Mozilla/5.0 (Windows NT 10.0; Win64; x64) AppleWebKit/537.36 (KHTML, like Gecko) Chrome/142.0.0.0 Safari/537.36
40	2025-11-12 05:07:15.911118+08	1	127.0.0.1	web	\N	m2lr93dgnnigcjqur04mw6tvj4rnwuj8	success	Mozilla/5.0 (Windows NT 10.0; Win64; x64) AppleWebKit/537.36 (KHTML, like Gecko) Chrome/142.0.0.0 Safari/537.36
41	2025-11-12 05:13:02.341615+08	3	192.168.100.18	mobile	\N	47j33s1ce46b5py7fzm925ma5myzluwa	success	okhttp/4.10.0
42	2025-11-12 05:20:48.941933+08	1	127.0.0.1	web	\N	txggd78usia2jzjb9rapumxil606ia6r	success	Mozilla/5.0 (Windows NT 10.0; Win64; x64) AppleWebKit/537.36 (KHTML, like Gecko) Chrome/122.0.6261.95 Safari/537.36
43	2025-11-12 05:31:07.310223+08	1	127.0.0.1	web	\N	2mwhen2f0d9j1ggw26q6ur26lij3kus4	success	Mozilla/5.0 (Windows NT 10.0; Win64; x64) AppleWebKit/537.36 (KHTML, like Gecko) Chrome/142.0.0.0 Safari/537.36
44	2025-11-12 05:32:23.662247+08	1	127.0.0.1	web	\N	qfakatg5h4xf0we5wq2nuw9nuzozuqbp	success	Mozilla/5.0 (Windows NT 10.0; Win64; x64) AppleWebKit/537.36 (KHTML, like Gecko) Chrome/142.0.0.0 Safari/537.36 Edg/142.0.0.0
45	2025-11-12 05:34:06.279107+08	1	127.0.0.1	web	\N	s67f42ry8mpyg9nuc60ynvcemjtwv76z	success	Mozilla/5.0 (Windows NT 10.0; Win64; x64) AppleWebKit/537.36 (KHTML, like Gecko) Chrome/142.0.0.0 Safari/537.36
46	2025-11-12 05:35:12.219409+08	1	127.0.0.1	web	\N	0rrcn164xv7cokmglisj39qan8rw5zm3	success	Mozilla/5.0 (Windows NT 10.0; Win64; x64) AppleWebKit/537.36 (KHTML, like Gecko) Chrome/142.0.0.0 Safari/537.36
47	2025-11-12 05:51:25.772859+08	1	127.0.0.1	web	\N	8tgyy17ub8a7ul622qhi233l0tamb58v	success	Mozilla/5.0 (Windows NT 10.0; Win64; x64) AppleWebKit/537.36 (KHTML, like Gecko) Chrome/142.0.0.0 Safari/537.36 Edg/142.0.0.0
48	2025-11-12 05:51:53.630405+08	1	127.0.0.1	web	\N	45f7y7qh5h1faja7pjsbifu8ujx46y2n	success	Mozilla/5.0 (Windows NT 10.0; Win64; x64) AppleWebKit/537.36 (KHTML, like Gecko) Chrome/122.0.6261.95 Safari/537.36
49	2025-11-12 05:52:56.284745+08	1	127.0.0.1	web	\N	kchg8s0ky0pvdv0zgzsfn0jzvj6et0d1	success	Mozilla/5.0 (Windows NT 10.0; Win64; x64) AppleWebKit/537.36 (KHTML, like Gecko) Chrome/142.0.0.0 Safari/537.36
\.


--
-- TOC entry 5188 (class 0 OID 16531)
-- Dependencies: 236
-- Data for Name: django_admin_log; Type: TABLE DATA; Schema: public; Owner: postgres
--

COPY public.django_admin_log (id, action_time, object_id, object_repr, action_flag, change_message, content_type_id, user_id) FROM stdin;
1	2025-10-28 14:06:16.593162+08	1	Cabad	1	[{"added": {}}]	7	1
2	2025-10-28 14:06:22.460907+08	2	Datag Sur	1	[{"added": {}}]	7	1
3	2025-10-28 14:06:54.736686+08	1	1 (Cabad)	1	[{"added": {}}]	13	1
4	2025-10-28 14:07:02.088135+08	2	2 (Cabad)	1	[{"added": {}}]	13	1
5	2025-10-28 14:07:09.323248+08	3	3 (Cabad)	1	[{"added": {}}]	13	1
6	2025-10-28 14:07:21.476524+08	4	A (Datag Sur)	1	[{"added": {}}]	13	1
7	2025-10-28 14:07:31.746074+08	5	B (Datag Sur)	1	[{"added": {}}]	13	1
8	2025-10-28 14:07:38.197912+08	6	C (Datag Sur)	1	[{"added": {}}]	13	1
9	2025-10-28 14:07:48.516836+08	7	D (Datag Sur)	1	[{"added": {}}]	13	1
10	2025-10-28 14:09:23.488503+08	2	App11	1	[{"added": {}}, {"added": {"name": "staff profile", "object": "App11 - Cabad"}}]	4	1
11	2025-10-28 14:10:25.741559+08	2	jest	2	[{"changed": {"fields": ["Username", "First name", "Last name", "Email address", "Staff status", "Last login"]}}]	4	1
12	2025-10-28 14:18:22.483803+08	1	Aquq	1	[{"added": {}}]	8	1
13	2025-10-28 14:18:27.684691+08	2	Lg	1	[{"added": {}}]	8	1
14	2025-10-29 13:04:29.610867+08	3	Boyog Sur	1	[{"added": {}}]	7	1
15	2025-10-29 13:05:03.227457+08	4	Boyog Norte	1	[{"added": {}}]	7	1
16	2025-10-29 13:05:14.205847+08	5	Boyog Proper	1	[{"added": {}}]	7	1
17	2025-10-29 13:05:33.888112+08	6	Baucan Norte	1	[{"added": {}}]	7	1
18	2025-10-29 13:05:42.295839+08	7	Baucan Sur	1	[{"added": {}}]	7	1
19	2025-10-29 13:05:58.417522+08	8	Cantomimbo	1	[{"added": {}}]	7	1
20	2025-10-29 13:06:19.673355+08	9	Datag Norte	1	[{"added": {}}]	7	1
21	2025-10-29 13:06:25.591742+08	10	Cogon	1	[{"added": {}}]	7	1
22	2025-10-29 13:06:34.511008+08	11	Del Carmen Sur	1	[{"added": {}}]	7	1
23	2025-10-29 13:06:43.005052+08	12	Del Carmen Weste	1	[{"added": {}}]	7	1
24	2025-10-29 13:06:52.165083+08	13	Dorol	1	[{"added": {}}]	7	1
25	2025-10-29 13:08:46.467072+08	14	Santo Niño	1	[{"added": {}}]	7	1
26	2025-10-29 13:10:27.385213+08	8	Luy-A (Boyog Norte)	1	[{"added": {}}]	13	1
27	2025-10-29 13:10:41.214278+08	9	batong (Boyog Norte)	1	[{"added": {}}]	13	1
28	2025-10-29 13:10:49.404615+08	10	Gabi (Boyog Norte)	1	[{"added": {}}]	13	1
29	2025-10-29 13:13:10.645205+08	3	Virginia_07	1	[{"added": {}}, {"added": {"name": "staff profile", "object": "Virginia_07 - Boyog Norte"}}]	4	1
30	2025-10-29 13:14:16.083285+08	3	Virginia_07	2	[{"changed": {"fields": ["First name", "Last name", "Email address", "Staff status", "Last login", "Date joined"]}}]	4	1
\.


--
-- TOC entry 5174 (class 0 OID 16401)
-- Dependencies: 222
-- Data for Name: django_content_type; Type: TABLE DATA; Schema: public; Owner: postgres
--

COPY public.django_content_type (id, app_label, model) FROM stdin;
1	admin	logentry
2	auth	permission
3	auth	group
4	auth	user
5	contenttypes	contenttype
6	sessions	session
7	consumers	barangay
8	consumers	meterbrand
9	consumers	systemsetting
10	consumers	consumer
11	consumers	meterreading
12	consumers	bill
13	consumers	purok
14	consumers	payment
15	consumers	staffprofile
16	consumers	userloginevent
\.


--
-- TOC entry 5172 (class 0 OID 16389)
-- Dependencies: 220
-- Data for Name: django_migrations; Type: TABLE DATA; Schema: public; Owner: postgres
--

COPY public.django_migrations (id, app, name, applied) FROM stdin;
1	contenttypes	0001_initial	2025-10-27 11:52:18.471559+08
2	auth	0001_initial	2025-10-27 11:52:18.649062+08
3	admin	0001_initial	2025-10-27 11:52:18.721002+08
4	admin	0002_logentry_remove_auto_add	2025-10-27 11:52:18.737341+08
5	admin	0003_logentry_add_action_flag_choices	2025-10-27 11:52:18.753361+08
6	contenttypes	0002_remove_content_type_name	2025-10-27 11:52:18.805236+08
7	auth	0002_alter_permission_name_max_length	2025-10-27 11:52:18.821699+08
8	auth	0003_alter_user_email_max_length	2025-10-27 11:52:18.847483+08
9	auth	0004_alter_user_username_opts	2025-10-27 11:52:18.863884+08
10	auth	0005_alter_user_last_login_null	2025-10-27 11:52:18.891878+08
11	auth	0006_require_contenttypes_0002	2025-10-27 11:52:18.891878+08
12	auth	0007_alter_validators_add_error_messages	2025-10-27 11:52:18.904964+08
13	auth	0008_alter_user_username_max_length	2025-10-27 11:52:18.944385+08
14	auth	0009_alter_user_last_name_max_length	2025-10-27 11:52:18.95533+08
15	auth	0010_alter_group_name_max_length	2025-10-27 11:52:18.987495+08
16	auth	0011_update_proxy_permissions	2025-10-27 11:52:19.005242+08
17	auth	0012_alter_user_first_name_max_length	2025-10-27 11:52:19.021918+08
18	consumers	0001_initial	2025-10-27 11:52:19.221899+08
19	consumers	0002_consumer_account_number_payment	2025-10-27 11:52:19.308177+08
20	consumers	0003_alter_payment_options_alter_payment_amount_paid_and_more	2025-10-27 11:52:19.379329+08
21	consumers	0004_staffprofile	2025-10-27 11:52:19.455851+08
22	consumers	0005_consumer_barangay_id_number	2025-10-27 11:52:19.479008+08
23	consumers	0006_remove_consumer_barangay_id_number	2025-10-27 11:52:19.509645+08
24	sessions	0001_initial	2025-10-27 11:52:19.555325+08
25	consumers	0007_consumer_disconnect_reason	2025-10-31 17:42:53.784735+08
26	consumers	0008_userloginevent	2025-11-05 22:32:07.494627+08
27	consumers	0009_remove_systemsetting_rate_per_cubic_and_more	2025-11-06 22:51:03.0187+08
28	consumers	0010_add_security_fields_to_login_event	2025-11-11 21:33:31.777804+08
\.


--
-- TOC entry 5207 (class 0 OID 16768)
-- Dependencies: 255
-- Data for Name: django_session; Type: TABLE DATA; Schema: public; Owner: postgres
--

COPY public.django_session (session_key, session_data, expire_date) FROM stdin;
isia2gmqlk7l37i6k9et94jt9utgfbky	.eJxVjEEOwiAQRe_C2hApIINL9z0DmWFAqgaS0q6Md7dNutDtf-_9twi4LiWsPc1hYnEVWpx-N8L4THUH_MB6bzK2uswTyV2RB-1ybJxet8P9OyjYy1YrixcCNl4DEtk4pLOKCZBJm0iQM1CORll2Jm_IoQPN1mltwHscrPh8AQPvODw:1vIpQh:6M8Za3h0n57jEvkTLM3yP-Hbd-T03so-GE6kX5oYUbA	2025-11-11 23:33:07.506794+08
tlu4ow7uxthrf0gw5h3lcbrqdgz7qbko	.eJxVjMsOwiAQRf-FtSHQ4enSvd9AhgGkaiAp7cr479qkC93ec859sYDbWsM28hLmxM5MstPvFpEeue0g3bHdOqfe1mWOfFf4QQe_9pSfl8P9O6g46rfGbEwmVVzUQltJuigQCb0T3hE4LAWSUTI5OXkBpKMRBcFqSxknssDeH-eGN9Y:1vElfW:HPAoww-bfBe-MdM1PJSIDwEYd0aAigbboqhfblRu_GE	2025-10-31 18:43:38.007957+08
mtawx0g4vgku5q6tq0tbv9bmfkdg3pvc	.eJxVjMsOwiAUBf-FtSEtUAou3fsN5MI9SNVA0sfK-O_apAvdnpk5LxFoW0vYFsxhYnEWSpx-t0jpgboDvlO9NZlaXecpyl2RB13ktTGel8P9Oyi0lG-dVdcnZGsxklYOFtRr9kaTy3GIenSAQ-4c2CRPBiYPzHawyuvsAfH-AANFOOU:1vDdH0:O6e824N4rssO9_qMXJshdY2ZOPl19P4XhLKDWBN0vUE	2025-11-11 14:33:38.322081+08
aqjrh5dzxfgod3eguq7twd353m0m56uf	.eJxVjMsOwiAUBf-FtSEtUAou3fsN5MI9SNVA0sfK-O_apAvdnpk5LxFoW0vYFsxhYnEWSpx-t0jpgboDvlO9NZlaXecpyl2RB13ktTGel8P9Oyi0lG-dVdcnZGsxklYOFtRr9kaTy3GIenSAQ-4c2CRPBiYPzHawyuvsAfH-AANFOOU:1vDdl7:WIU6cPEpdF1_BQw4M62uIhTNL1M3T0TeAAxWXQQlzsc	2025-11-11 15:04:45.985156+08
0qjvqtignbav1evqu69h2uf79rnag70b	.eJxVjEEOwiAQRe_C2hCgOCMu3XsGMjBTqRpISrsy3l2bdKHb_977LxVpXUpcu8xxYnVWVh1-t0T5IXUDfKd6azq3usxT0puid9r1tbE8L7v7d1Col2_tBxZwBDDgaAX5CIg5GAmChsAAiDWe0ZvRBe-dlywDAIIRTidmq94fyYI3Ug:1vEnKr:N95jAkDsDvH9KeumjFP_sgOUWyxi22QQ1ZrxyGjRQJU	2025-10-31 20:30:25.86256+08
ar7tv58uby1q53qq3b6iu8kj4owa39jy	.eJxVjMsOwiAUBf-FtSEtUAou3fsN5MI9SNVA0sfK-O_apAvdnpk5LxFoW0vYFsxhYnEWSpx-t0jpgboDvlO9NZlaXecpyl2RB13ktTGel8P9Oyi0lG-dVdcnZGsxklYOFtRr9kaTy3GIenSAQ-4c2CRPBiYPzHawyuvsAfH-AANFOOU:1vDepu:1Z0bnTiHLVh20EET75X0UWfYuP2Cw0Zy0wcRwNrTB_0	2025-11-11 16:13:46.926031+08
04uxvjuekgop7hldi5rfyy9xdngtf6wy	.eJxVjMsOwiAUBf-FtSEtUAou3fsN5MI9SNVA0sfK-O_apAvdnpk5LxFoW0vYFsxhYnEWSpx-t0jpgboDvlO9NZlaXecpyl2RB13ktTGel8P9Oyi0lG-dVdcnZGsxklYOFtRr9kaTy3GIenSAQ-4c2CRPBiYPzHawyuvsAfH-AANFOOU:1vDhGx:ZI8ltRiiTq1m5-u7z5cOvYkwg07jmCfqTnXKHJkGEbw	2025-11-11 18:49:51.369931+08
izcqewsko8n879bsimyhp8qn91f170qv	.eJxVjMsOwiAUBf-FtSEtUAou3fsN5MI9SNVA0sfK-O_apAvdnpk5LxFoW0vYFsxhYnEWSpx-t0jpgboDvlO9NZlaXecpyl2RB13ktTGel8P9Oyi0lG-dVdcnZGsxklYOFtRr9kaTy3GIenSAQ-4c2CRPBiYPzHawyuvsAfH-AANFOOU:1vDhgF:6FgICsuZPx4xn5WE1abJcSA0S7IULO3sZGOdhCWSG4c	2025-11-11 19:15:59.037111+08
wlq9vd2hfl9frvsj2jnqkj9i4tmq3a20	.eJxVjMsOwiAUBf-FtSEtUAou3fsN5MI9SNVA0sfK-O_apAvdnpk5LxFoW0vYFsxhYnEWSpx-t0jpgboDvlO9NZlaXecpyl2RB13ktTGel8P9Oyi0lG-dVdcnZGsxklYOFtRr9kaTy3GIenSAQ-4c2CRPBiYPzHawyuvsAfH-AANFOOU:1vDjvU:pIdb18lMJ35btNdkx5Umk54pqocEN6tU-FZ57ehFUTw	2025-11-11 21:39:52.169506+08
yzv6caf4dkqurqu51bxbqaea9k7ufsie	.eJxVjMsOwiAUBf-FtSEtUAou3fsN5MI9SNVA0sfK-O_apAvdnpk5LxFoW0vYFsxhYnEWSpx-t0jpgboDvlO9NZlaXecpyl2RB13ktTGel8P9Oyi0lG-dVdcnZGsxklYOFtRr9kaTy3GIenSAQ-4c2CRPBiYPzHawyuvsAfH-AANFOOU:1vDzTj:2wgNmSZJKn9KtsHiqTtDjJXC4Ok26H1hLVdJUcFpICU	2025-11-12 14:16:15.865704+08
1hvtjh6ur7zre0dmttohxtzjndyohasr	.eJxVjMsOwiAQRf-FtSE8WgZcuvcbyAwDUjU0Ke3K-O_apAvd3nPOfYmI21rj1vMSJxZnocXpdyNMj9x2wHdst1mmua3LRHJX5EG7vM6cn5fD_Tuo2Ou39oSQwDqHigbDPgAQFu-0xZK8MwZVUABGIRgurJLP5CEPdgxj0GzF-wPcfDd-:1vEAvg:VnxHT19Zq1fbK4pRFvWor6LBiychkTeBwv56tpts-aw	2025-11-13 02:29:52.195538+08
4btdxoo4jfob8cv7rhiu431ltn0wbyjg	.eJxVjMsOwiAQRf-FtSE8WgZcuvcbyAwDUjU0Ke3K-O_apAvd3nPOfYmI21rj1vMSJxZnocXpdyNMj9x2wHdst1mmua3LRHJX5EG7vM6cn5fD_Tuo2Ou39oSQwDqHigbDPgAQFu-0xZK8MwZVUABGIRgurJLP5CEPdgxj0GzF-wPcfDd-:1vEBBR:a5nNV9esDlA4PeaQ5YQQFXya6YaIZR43hci11SExFzg	2025-11-13 02:46:09.582367+08
1aaoma12c4cjpo023z1pkhc6ay908klz	.eJxVjMsOwiAUBf-FtSEtUAou3fsN5MI9SNVA0sfK-O_apAvdnpk5LxFoW0vYFsxhYnEWSpx-t0jpgboDvlO9NZlaXecpyl2RB13ktTGel8P9Oyi0lG-dVdcnZGsxklYOFtRr9kaTy3GIenSAQ-4c2CRPBiYPzHawyuvsAfH-AANFOOU:1vEGft:pYLVKgsGUaUlCe3vUOjqU_ionCMBIFhR4RSFMR-qdhc	2025-11-13 08:37:57.848486+08
su6n8bzexj1iu4ofxnms0y0hi7mtjsrt	.eJxVjMsOwiAUBf-FtSEtUAou3fsN5MI9SNVA0sfK-O_apAvdnpk5LxFoW0vYFsxhYnEWSpx-t0jpgboDvlO9NZlaXecpyl2RB13ktTGel8P9Oyi0lG-dVdcnZGsxklYOFtRr9kaTy3GIenSAQ-4c2CRPBiYPzHawyuvsAfH-AANFOOU:1vEGfv:H9Bl62rfwhzsoLtzA_zA-i4bq6FGV34ItilGw4REvy0	2025-11-13 08:37:59.763519+08
v8zjli0oicm337bcqm1hsnoolt4qhw83	.eJxVjMsOwiAQRf-FtSE8C7h07zeQGYZK1UBS2pXx35WkC93d3HNyXizCvpW497zGhdiZaXb6_RDSI9cB6A711nhqdVsX5EPhB-382ig_L4f7FyjQy8haD0lIrSyC9CTdJIP2GQT6CRMFtEA6K-e1cDYbSGo2MxhK3n23Dez9AdhEN_s:1vEGgi:MVIQBVvYXEARdEvDlZiPVvKtno_HjY4rekqNku9iyhA	2025-11-13 08:38:48.360079+08
fb3rdtngi50b8zlslnbndlnssxqlmdm1	.eJxVjMsOwiAQRf-FtSE8C7h07zeQGYZK1UBS2pXx35WkC93d3HNyXizCvpW497zGhdiZaXb6_RDSI9cB6A711nhqdVsX5EPhB-382ig_L4f7FyjQy8haD0lIrSyC9CTdJIP2GQT6CRMFtEA6K-e1cDYbSGo2MxhK3n23Dez9AdhEN_s:1vEGgk:31VjC2beQimtd9AKZZ81KQA8ViwRitSrxYVZF98eL2k	2025-11-13 08:38:50.902729+08
h2rqz52p6hwxijjn8hn0rart0cuovvya	.eJxVjMsOwiAQRf-FtSE8WgZcuvcbyAwDUjU0Ke3K-O_apAvd3nPOfYmI21rj1vMSJxZnocXpdyNMj9x2wHdst1mmua3LRHJX5EG7vM6cn5fD_Tuo2Ou39oSQwDqHigbDPgAQFu-0xZK8MwZVUABGIRgurJLP5CEPdgxj0GzF-wPcfDd-:1vEHh6:efAo7OX6N2EbX_h1culGISZzXp0drZ-4gP7NtjBLJxk	2025-11-13 09:43:16.516706+08
eq3a2lryzysgga788cll1z2a2v1ti2o0	.eJxVjMsOwiAQRf-FtSE8WgZcuvcbyAwDUjU0Ke3K-O_apAvd3nPOfYmI21rj1vMSJxZnocXpdyNMj9x2wHdst1mmua3LRHJX5EG7vM6cn5fD_Tuo2Ou39oSQwDqHigbDPgAQFu-0xZK8MwZVUABGIRgurJLP5CEPdgxj0GzF-wPcfDd-:1vEHsj:FEJ5KDX_gaDBaIk6QpMxtX7VSsfyDDu88RqRd43PUBA	2025-11-13 09:55:17.977912+08
kgsqq0ujy4f6ykfr3mxj221be5jg0w0l	.eJxVjMsOwiAQRf-FtSE8WgZcuvcbyAwDUjU0Ke3K-O_apAvd3nPOfYmI21rj1vMSJxZnocXpdyNMj9x2wHdst1mmua3LRHJX5EG7vM6cn5fD_Tuo2Ou39oSQwDqHigbDPgAQFu-0xZK8MwZVUABGIRgurJLP5CEPdgxj0GzF-wPcfDd-:1vEJOW:E2O6qxrdmkf6Fn5frMmq7X9ajEwCq8Cf5yx6fc8rJUM	2025-11-13 11:32:12.310588+08
zpw0emewb56novppy1zec8x0eymqpldz	.eJxVjMsOwiAQRf-FtSE8WgZcuvcbyAwDUjU0Ke3K-O_apAvd3nPOfYmI21rj1vMSJxZnocXpdyNMj9x2wHdst1mmua3LRHJX5EG7vM6cn5fD_Tuo2Ou39oSQwDqHigbDPgAQFu-0xZK8MwZVUABGIRgurJLP5CEPdgxj0GzF-wPcfDd-:1vELxO:07lxlwBGRTkUX5C-6VuOq7k1pmV-HPgPTRLKeHkYwXc	2025-11-13 14:16:22.832381+08
rifi7wk2k3bo9zflmnr3xfz28zjmw0zw	.eJxVjMsOwiAQRf-FtSE8WgZcuvcbyAwDUjU0Ke3K-O_apAvd3nPOfYmI21rj1vMSJxZnocXpdyNMj9x2wHdst1mmua3LRHJX5EG7vM6cn5fD_Tuo2Ou39oSQwDqHigbDPgAQFu-0xZK8MwZVUABGIRgurJLP5CEPdgxj0GzF-wPcfDd-:1vEM3t:4O9sokVBvMMHDxJSDHyxlstF0rIfFWVZ1g79ZWEeUdc	2025-11-13 14:23:05.672531+08
917imurmiez1grtj9z8v1lnu3ow7fdei	.eJxVjMsOwiAQRf-FtSE8WgZcuvcbyAwDUjU0Ke3K-O_apAvd3nPOfYmI21rj1vMSJxZnocXpdyNMj9x2wHdst1mmua3LRHJX5EG7vM6cn5fD_Tuo2Ou39oSQwDqHigbDPgAQFu-0xZK8MwZVUABGIRgurJLP5CEPdgxj0GzF-wPcfDd-:1vEMD9:C6sEHhYfAcKIlp6FtBMANrMKraOYjm-PcAKWSys5dUY	2025-11-13 14:32:39.424125+08
d1rtai04j8xd0xq727xn12n352uw5kmd	.eJxVjMsOwiAQRf-FtSE8WgZcuvcbyAwDUjU0Ke3K-O_apAvd3nPOfYmI21rj1vMSJxZnocXpdyNMj9x2wHdst1mmua3LRHJX5EG7vM6cn5fD_Tuo2Ou39oSQwDqHigbDPgAQFu-0xZK8MwZVUABGIRgurJLP5CEPdgxj0GzF-wPcfDd-:1vEME5:OPZ_cLPLc5L3oCiYiKGpRfxbYk5m8BtQ7CxQnUNz-zk	2025-11-13 14:33:37.095766+08
dgvwm8gwilgfql757vv4mnqxhb3uufvd	.eJxVjMsOwiAQRf-FtSE8WgZcuvcbyAwDUjU0Ke3K-O_apAvd3nPOfYmI21rj1vMSJxZnocXpdyNMj9x2wHdst1mmua3LRHJX5EG7vM6cn5fD_Tuo2Ou39oSQwDqHigbDPgAQFu-0xZK8MwZVUABGIRgurJLP5CEPdgxj0GzF-wPcfDd-:1vEMGq:xtgGWPTlDRhtShSFsE05yEd3WsmZV_-T1MTiy8YvSLk	2025-11-13 14:36:28.043943+08
pg3vfs1bt98hk40pfn7dboc5v16qtnvt	.eJxVjMsOwiAQRf-FtSE8WgZcuvcbyAwDUjU0Ke3K-O_apAvd3nPOfYmI21rj1vMSJxZnocXpdyNMj9x2wHdst1mmua3LRHJX5EG7vM6cn5fD_Tuo2Ou39oSQwDqHigbDPgAQFu-0xZK8MwZVUABGIRgurJLP5CEPdgxj0GzF-wPcfDd-:1vEMPq:UKqkyLOK9CaCNJX43PQ1cmVneorguJLAoSBKIA-ter8	2025-11-13 14:45:46.889019+08
q5jo5qa0wen7it5pud720lki5y6jarza	.eJxVjMsOwiAQRf-FtSE8WgZcuvcbyAwDUjU0Ke3K-O_apAvd3nPOfYmI21rj1vMSJxZnocXpdyNMj9x2wHdst1mmua3LRHJX5EG7vM6cn5fD_Tuo2Ou39oSQwDqHigbDPgAQFu-0xZK8MwZVUABGIRgurJLP5CEPdgxj0GzF-wPcfDd-:1vEd0t:ubPLjrXvD7a4hCd55zQ1cDYb9FnyVaVCftONeNDZKc4	2025-11-14 08:29:07.817834+08
gp6y5lxhdfeipkmcu0rmai419fhr5890	.eJxVjMsOwiAQRf-FtSE8WgZcuvcbyAwDUjU0Ke3K-O_apAvd3nPOfYmI21rj1vMSJxZnocXpdyNMj9x2wHdst1mmua3LRHJX5EG7vM6cn5fD_Tuo2Ou39oSQwDqHigbDPgAQFu-0xZK8MwZVUABGIRgurJLP5CEPdgxj0GzF-wPcfDd-:1vEfCN:J0LWUBeKtwOnXLbr86-Od0rqStTDghBWWJRjQFIkZ9k	2025-11-14 10:49:07.718206+08
s370e8g92jctojln0m32h30q4o781zck	.eJxVjMsOwiAQRf-FtSE8WgZcuvcbyAwDUjU0Ke3K-O_apAvd3nPOfYmI21rj1vMSJxZnocXpdyNMj9x2wHdst1mmua3LRHJX5EG7vM6cn5fD_Tuo2Ou39oSQwDqHigbDPgAQFu-0xZK8MwZVUABGIRgurJLP5CEPdgxj0GzF-wPcfDd-:1vEfFQ:l9G05mpOdW9U7WJXfUB7O-iyo0N5gZlbddLdz0z9C1I	2025-11-14 10:52:16.799334+08
fykwdbbklyb34mocwjnya4fluy2dc2z0	.eJxVjDsOwjAQBe_iGln-21DS5wzWeneNAyiR4qRC3B0ipYD2zcx7iQzb2vLWeckjiYvQ4vS7FcAHTzugO0y3WeI8rctY5K7Ig3Y5zMTP6-H-HTTo7VuDpWjtGTw50iqEmpQ2XEowqTKmCsrUGByQt4iRLUZPCosjVs5XW8T7A-1xOIU:1vEltH:WJ9lZgMoESmgNAAnntWAGqQrOOfcAdlVzSAB6P1I1ag	2025-10-31 18:57:51.621432+08
ehx9t02a5x5j58womisttbim987b1djo	.eJxVjEEOwiAURO_C2pAC8gGX7j0Dgf9BqgaS0q6Md5cmXehqMvNm5s182Nbit54WPxO7MMFOv1kM-Ex1B_QI9d44trouc-R7hR-081uj9Loe3b-DEnoZ66itcMJKCS5bk0kqyDAZodAhiGhSzHnoMImSAaHPDk2UoJFATQTs8wXMhDeR:1vFvkt:UpPW75_1rn4T3t8JSqTkD9WYGdz7Z1E28cQD54QLORY	2025-11-03 23:41:59.395039+08
dbdzfsiv49repd2oyzz1mo95trwer19c	.eJxVjDsOwyAQBe9CHSHAfFOm9xkQu6yDkwgkY1dR7h4huUjaNzPvzWI69hKPTltcM7syyS6_GyR8Uh0gP1K9N46t7tsKfCj8pJ3PLdPrdrp_ByX1MmoXggdQetJoEJXKRsjgjbI5JWO9Q6BlIhvAeUkUhFRKUyb05BZjBft8Ad2vN-g:1vEk62:HAhbHsCn8cFZfO-B13-bXQ1mMK-i-MFwOj56zwJrtUY	2025-10-31 17:02:54.558677+08
59iguksqxe3twtq0cgxpyeldn3h65302	.eJxVjEEOwiAQRe_C2pAyw7TEpXvPQAYYpGpoUtpV490NSRe6_e-9fyjP-1b83mT1c1JXZdTldwscX1I7SE-uj0XHpW7rHHRX9Embvi9J3rfT_Tso3EqvUxoMujBisOAYMgKxy8IikgEMYWaIgSYZ0QwWyGIAMjIZBImE6vMF79U3sQ:1vGeuW:4uztwMPSW4b9BnvKYv6-7XrCXQssGwdRYGmI0aQ2nYc	2025-11-05 23:54:56.686648+08
11r8i71a6c5dzyq8qoxs6v29b9e6e8y8	.eJxVjMsOwiAQRf-FtSE8Zni4dO83EOiAVA0kpV0Z_12bdKHbe865LxbittawjbyEmdiZaXb63VKcHrntgO6x3TqfeluXOfFd4Qcd_NopPy-H-3dQ46jfGqwR0ntpTYSEFsgZsgkVGIpOCUxOgleohMraZp-twGJA64LkfCrA3h-ixzZv:1vGexu:qg4pYAfqG_FIcrfGLrgR2lEyR74SHgq-VptWpNGeHts	2025-11-05 23:58:26.443566+08
h7o9yv92ueurtuosdwiz3ahlhsj73sxm	.eJxVjEEOwiAQRe_C2pAZUASX7nuGZmAGqRpISrsy3l2bdKHb_977LzXSupRx7TKPE6uLMurwu0VKD6kb4DvVW9Op1WWeot4UvdOuh8byvO7u30GhXr51RidskrHxiJLPJqYQrclsJDlA6wB8ZieWvJwEowspgMcAxOizB6_eH_bSN_4:1vGezp:S_nRBSpyOkcFsQue7e9Wv9kz0s04mhMLuHIh4jEZHSw	2025-11-06 00:00:25.18107+08
z8hcklyo6z59kl94okqxxlcuhnxcmz6o	.eJxVjDsOgzAQRO_iOrLWZv0hZXrOYK29JiaJjIShinL3gESRSFPNezNvEWhbS9haXsLE4io6cfntIqVnrgfgB9X7LNNc12WK8lDkSZscZs6v2-n-HRRqZV8nB8lbSOBQKxd1ijBqiwikTUZCRga27BW5PaAMg6PRIfTR9t504vMFyTw2-A:1vGtTX:Su9IqSJ0JDYqHgfjCuzergadaAVP5hhd1cVMrnFb2lY	2025-11-06 15:28:03.477175+08
ynqzkete4q2lg7l71pzmlv19p4hb4mrs	.eJxVjDsOwjAQRO_iGlmJf-ulpM8ZrPUPB5AtxUmFuDuJlALKmfdm3szRtha39bS4ObIrE-zy23kKz1QPEB9U742HVtdl9vxQ-Ek7n1pMr9vp_h0U6mVfo4UBQGUccgBtRYbsY8QR056CRQBrvPSS0EilpTEykMqjIJ-1iFawzxfKBTdG:1vGtVP:kBFDgX42ibqEcg3OzJOESx9IjQDGB228m5PXW5SJlqQ	2025-11-06 15:29:59.047111+08
8kiyui6tygci05bcayhssfjryypwbx9m	.eJxVjDsOwjAQRO_iGllre_1ZSvqcwfIvOIAcKU4qxN1JpBSg6ea9mTfzYVur33pZ_JTZlQl2-e1iSM_SDpAfod1nnua2LlPkh8JP2vkw5_K6ne7fQQ297mupDGoSgJiCGDM4YzEVEBYVkLXkQLuRVMrC5BgBQAtFhFqqPUEi-3wBnAc1tg:1vGuHS:KUOrt_B8ggBzsj6AltC3UlheJv07Bg0m4_6m2yLNXKY	2025-11-06 16:19:38.799907+08
g0vgayxguvwtk8kwymk9an49af487h5t	.eJxVjDsOwjAQBe_iGllZZf2jpOcM1nrXxgHkSHFSIe4OkVJA-2bmvVSkba1x63mJk6izGtXpd0vEj9x2IHdqt1nz3NZlSnpX9EG7vs6Sn5fD_Tuo1Ou3xuD8MAJKAWNSwCJMgsFKKWjBB-8MoWWHAGXwDigbzwRkwbBlm9X7A88IN4k:1vGuNB:lmJms03-d4zbd186mkn2eudXLVOL8RwRaBv_nPAX8Vk	2025-11-06 16:25:33.578491+08
rpt5x975iipt07coofr0otnsegcpx0xk	.eJxVjDsOwjAQBe_iGllZZf2jpOcM1nrXxgHkSHFSIe4OkVJA-2bmvVSkba1x63mJk6izGtXpd0vEj9x2IHdqt1nz3NZlSnpX9EG7vs6Sn5fD_Tuo1Ou3xuD8MAJKAWNSwCJMgsFKKWjBB-8MoWWHAGXwDigbzwRkwbBlm9X7A88IN4k:1vGuND:E4r-zYZGFkFWRpM_lkq-PRBgB4oQSJzKDk-G1oammGU	2025-11-06 16:25:35.158025+08
uddhjsk1m5bmkvjg1z6uwekslpeb9f9v	.eJxVjDsOwjAQBe_iGllZZf2jpOcM1nrXxgHkSHFSIe4OkVJA-2bmvVSkba1x63mJk6izGtXpd0vEj9x2IHdqt1nz3NZlSnpX9EG7vs6Sn5fD_Tuo1Ou3xuD8MAJKAWNSwCJMgsFKKWjBB-8MoWWHAGXwDigbzwRkwbBlm9X7A88IN4k:1vGuNU:YckLxkbPwVjHVJHOEp7u3ZJIw1oO0E3cFKmqg4NK714	2025-11-06 16:25:52.14457+08
1971frje8t71jje95psfit3bk8r67dna	.eJxVjDsOwjAQBe_iGllZZf2jpOcM1nrXxgHkSHFSIe4OkVJA-2bmvVSkba1x63mJk6izGtXpd0vEj9x2IHdqt1nz3NZlSnpX9EG7vs6Sn5fD_Tuo1Ou3xuD8MAJKAWNSwCJMgsFKKWjBB-8MoWWHAGXwDigbzwRkwbBlm9X7A88IN4k:1vGuOD:tOBVNvw2jXdFZSPs_Honv44Ek51CYaYFGYOLp_5Uoso	2025-11-06 16:26:37.757359+08
o0kixl806hjc0i67vfyjojwp6gmr639q	.eJxVjDsOwjAQBe_iGllZZf2jpOcM1nrXxgHkSHFSIe4OkVJA-2bmvVSkba1x63mJk6izGtXpd0vEj9x2IHdqt1nz3NZlSnpX9EG7vs6Sn5fD_Tuo1Ou3xuD8MAJKAWNSwCJMgsFKKWjBB-8MoWWHAGXwDigbzwRkwbBlm9X7A88IN4k:1vGuOD:tOBVNvw2jXdFZSPs_Honv44Ek51CYaYFGYOLp_5Uoso	2025-11-06 16:26:37.964057+08
fxi3kdeeug6xd9hxief2qr82m826nt2e	.eJxVjDsOwjAQBe_iGllZZf2jpOcM1nrXxgHkSHFSIe4OkVJA-2bmvVSkba1x63mJk6izGtXpd0vEj9x2IHdqt1nz3NZlSnpX9EG7vs6Sn5fD_Tuo1Ou3xuD8MAJKAWNSwCJMgsFKKWjBB-8MoWWHAGXwDigbzwRkwbBlm9X7A88IN4k:1vGuQH:Vsz6Iky7mcwVvh1ox9C5ovSpsz-zHfPIREwNsWqjd9w	2025-11-06 16:28:45.248544+08
kbrzn1vk0dydyak7cuc89ynif7sp83el	.eJxVjDsOwjAQBe_iGllZZf2jpOcM1nrXxgHkSHFSIe4OkVJA-2bmvVSkba1x63mJk6izGtXpd0vEj9x2IHdqt1nz3NZlSnpX9EG7vs6Sn5fD_Tuo1Ou3xuD8MAJKAWNSwCJMgsFKKWjBB-8MoWWHAGXwDigbzwRkwbBlm9X7A88IN4k:1vGuWG:OgUwv-7orrMAKcUT-QqXKQ1M6rE69M8TOqztgKlTEZ4	2025-11-06 16:34:56.811964+08
hgzx7kh7pnefb2ewbw9gbf0tpra96738	.eJxVjDsOwjAQBe_iGllZZf2jpOcM1nrXxgHkSHFSIe4OkVJA-2bmvVSkba1x63mJk6izGtXpd0vEj9x2IHdqt1nz3NZlSnpX9EG7vs6Sn5fD_Tuo1Ou3xuD8MAJKAWNSwCJMgsFKKWjBB-8MoWWHAGXwDigbzwRkwbBlm9X7A88IN4k:1vGuhq:dgYCQqzzHNe5V-7-J4pc8T0mc-HkvbKk97LoOvA5buE	2025-11-06 16:46:54.54375+08
n29muxza0moecl4g1znupba1nfv28emt	.eJxVjDsOwjAQBe_iGllZZf2jpOcM1nrXxgHkSHFSIe4OkVJA-2bmvVSkba1x63mJk6izGtXpd0vEj9x2IHdqt1nz3NZlSnpX9EG7vs6Sn5fD_Tuo1Ou3xuD8MAJKAWNSwCJMgsFKKWjBB-8MoWWHAGXwDigbzwRkwbBlm9X7A88IN4k:1vGuiz:LqzUPq6rNR6M6UmcFbPu3CbQSzSjXPzfTsorJSSLwnU	2025-11-06 16:48:05.779748+08
c4fih6odhx4ay00x14eog1hitrfutqor	.eJxVjDsOwjAQBe_iGllZZf2jpOcM1nrXxgHkSHFSIe4OkVJA-2bmvVSkba1x63mJk6izGtXpd0vEj9x2IHdqt1nz3NZlSnpX9EG7vs6Sn5fD_Tuo1Ou3xuD8MAJKAWNSwCJMgsFKKWjBB-8MoWWHAGXwDigbzwRkwbBlm9X7A88IN4k:1vGvAp:zNGgwyaXhTt_ZImtMJThh4o9KmySeb4b71kkecyuFtQ	2025-11-06 17:16:51.541882+08
o0jonpjycx7ktfwsqptyg9a4irex8q6o	.eJxVjDsOwjAQBe_iGllZZf2jpOcM1nrXxgHkSHFSIe4OkVJA-2bmvVSkba1x63mJk6izGtXpd0vEj9x2IHdqt1nz3NZlSnpX9EG7vs6Sn5fD_Tuo1Ou3xuD8MAJKAWNSwCJMgsFKKWjBB-8MoWWHAGXwDigbzwRkwbBlm9X7A88IN4k:1vGvHB:9euRs8m1wXPgJU4Cj_Xfd_zcRvVj7jzHj2Y8qBlM7Bk	2025-11-06 17:23:25.230143+08
bmae4mucqxj4xk8rirq1hvik4t5nnqqi	.eJxVjEEOwiAQRe_C2pAiMAMu3fcMBJipVA0kpV0Z765NutDtf-_9lwhxW0vYOi9hJnERWpx-txTzg-sO6B7rrcnc6rrMSe6KPGiXYyN-Xg_376DEXr41ZgOEEzgevKako9EmgVXoz6wm9MDWGg0mecoOESwPCYBUdoBGE4n3B83JNzw:1vGvlD:3fjMFMJYevBBYOjB3moGjRDItlg35nDGpd6lFPLbn3o	2025-11-06 17:54:27.059079+08
rnbog2evy9ku8mva27nh8o09ea69nmi3	.eJxVjEEOwiAQRe_C2pAiMAMu3fcMBJipVA0kpV0Z765NutDtf-_9lwhxW0vYOi9hJnERWpx-txTzg-sO6B7rrcnc6rrMSe6KPGiXYyN-Xg_376DEXr41ZgOEEzgevKako9EmgVXoz6wm9MDWGg0mecoOESwPCYBUdoBGE4n3B83JNzw:1vGvlF:yCh6XaL2f0l_TojwigPYgkThJmdnWe5B9a3INm5sR98	2025-11-06 17:54:29.020078+08
p7413291ai1jteb1tty97miyiijp6hjm	.eJxVjEEOwiAQRe_C2pAiMAMu3fcMBJipVA0kpV0Z765NutDtf-_9lwhxW0vYOi9hJnERWpx-txTzg-sO6B7rrcnc6rrMSe6KPGiXYyN-Xg_376DEXr41ZgOEEzgevKako9EmgVXoz6wm9MDWGg0mecoOESwPCYBUdoBGE4n3B83JNzw:1vGvmD:LAFLwhz_cmltPGCZRQ-LIK0jWAcgsJl_ti-2CeMnwSQ	2025-11-06 17:55:29.451788+08
fudr3in45wj7r22hntinhkzd9c5a4c3x	.eJxVjDsOwjAQBe_iGln-fyjpOYPlXa9xADlSnFSIu0OkFNC-mXkvlvK2trQNWtJU2JlJdvrdIOOD-g7KPffbzHHu6zIB3xV-0MGvc6Hn5XD_Dloe7VsDkqvaaJTWCK2V8R7Be7AYDaAUIYpqo3LZmUBaCG-VxFIqkFJBQWHvD8xIN2c:1vIhBO:fSJsVmKh1j8Vb0dNt6DHJKNu5An39qAcoT0lFs_J0Mw	2025-11-11 14:44:46.733214+08
1pt64x3l5y4pkgpe703yriqwvia6swtd	.eJxVjEEOwiAQRe_C2pAiMAMu3fcMBJipVA0kpV0Z765NutDtf-_9lwhxW0vYOi9hJnERWpx-txTzg-sO6B7rrcnc6rrMSe6KPGiXYyN-Xg_376DEXr41ZgOEEzgevKako9EmgVXoz6wm9MDWGg0mecoOESwPCYBUdoBGE4n3B83JNzw:1vGvrr:vQ7rUAXQbmdR2cfS9HAemEMwSsWCdbIK78f3yboi4b8	2025-11-06 18:01:19.878205+08
34q7hifckbzbb96aw9ufxarqig66tyr8	.eJxVjM0OwiAQhN-FsyH8LUGP3n0GsrCLVA0kpT0Z39026UGPM9838xYR16XGdfAcJxIXocXpt0uYn9x2QA9s9y5zb8s8Jbkr8qBD3jrx63q4fwcVR93W1rAHcC6UjE6DhwLMCgKwopCRyYQtU_HJquSSSgoNWWXPzpqiSxafL-NQOB0:1vGwUD:a7QPEr4KmALVd0zxK0bh4TJ9ZyybGsyk6LAX2-mMWhE	2025-11-06 18:40:57.359935+08
pvwh4y7ve3ohvr4xmhemv3jate0zzljr	.eJxVjDEOwjAMRe-SGUV1SN2akZ0zVI5taAElUtNOiLtDpQ6w_vfef7mB12Uc1mrzMKk7OXCH3y2xPCxvQO-cb8VLycs8Jb8pfqfVX4ra87y7fwcj1_FbxyOKMcbWgEGCgjYUMHQpYoIYWtLYEHKiK4GgtH3XUyQUJTRDBff-AM0sN1c:1vIIqW:J7EC2n7cdDSbKY6TKWKG96Hp3RTvJ41bbwHgshqBSIA	2025-11-10 12:45:36.843017+08
meswennhn9jo9on0leo6j33zaxnwkvbw	.eJxVjEEOwiAQRe_C2hBKGSgu3XsGMjCDVA0kpV0Z765NutDtf-_9lwi4rSVsnZcwkziLQZx-t4jpwXUHdMd6azK1ui5zlLsiD9rltRE_L4f7d1Cwl2-NYCajVUwua-TEFrS3Y9LEljzQZNwI6DNkGHImBc57cBDJKI7KeCveH-YGN78:1vIhVB:4qEoFyUeqAqADMgWMMWzkYtiFZor80vc7va25uH7UQ4	2025-11-11 15:05:13.578512+08
hu6j174qbvf0xadp1tvvrexfkzfvcpbs	.eJxVjDsOwjAQBe_iGlmO1-sPJX3OYK1_OIAcKU4qxN1JpBTQvpl5b-ZpW6vfel78lNiVAbv8boHiM7cDpAe1-8zj3NZlCvxQ-Ek7H-eUX7fT_Tuo1Otel5zAupRctJqMtqA0OmXlEGRBIUouShV0jqzSA2mwiAjSSLOTAEqwzxfU4TcN:1vGwXG:fYBdeg9l5CGzzkctbRBA_7xETDzPdJ-LwLCKeGeTTm8	2025-11-06 18:44:06.687351+08
usoxb4bpbjn0z6kwpywm40azmbjb964m	.eJxVjDsOwjAQBe_iGllrr7-U9JzB8meNA8iR4qRC3B0ipYD2zcx7sRC3tYVt0BKmws5MsNPvlmJ-UN9Bucd-m3me-7pMie8KP-jg17nQ83K4fwctjvatwdnqfPE-Z40ogDCDouTJV40RoRYLTitrhJUmoZSejANrUGmB2VX2_gDFCTac:1vI7J4:_hMoZgdAg60UUoBZs9W7R0f7Fk-FhhMnt3RUhiPiqag	2025-11-10 00:26:18.835455+08
pn2hht8l6lrvfi2uicnvtyhdb362k4ab	.eJxVjDsOwjAQBe_iGlmO1-sPJX3OYK1_OIAcKU4qxN1JpBTQvpl5b-ZpW6vfel78lNiVAbv8boHiM7cDpAe1-8zj3NZlCvxQ-Ek7H-eUX7fT_Tuo1Otel5zAupRctJqMtqA0OmXlEGRBIUouShV0jqzSA2mwiAjSSLOTAEqwzxfU4TcN:1vGwiw:kJ78zPAl5ub2mjJQrAU-yeaXeLSDwcmIQgVgyHEYYZ8	2025-11-06 18:56:10.627422+08
47j33s1ce46b5py7fzm925ma5myzluwa	.eJxVjDsOwyAQRO9CHSHM8k2Z3mdAu4CDkwgkY1dR7h5bcpFMOe_NvFnAbS1h63kJc2JXBuzy2xHGZ64HSA-s98Zjq-syEz8UftLOx5by63a6fwcFe9nXLk8O0hCR_J5onPIIQhsESUbA5JME6Z1ATRa1chbBKkcAQ_QRNLHPF9SRNyY:1vIvfi:2Tb1DgdZ6c6oKxv0YSsz6Lwjsdx9hwHPv7U3KEcbcYc	2025-11-12 06:13:02.357244+08
qqupk8qhbh7tn3ya8xth431wk6fh9arl	.eJxVjMEKwyAQRP_FcxGMmmR77L3fILvuWtMWhZicQv-9CeTQngbmvZlNBVyXHNYmc5hYXZVVl9-OML6kHICfWB5Vx1qWeSJ9KPqkTd8ry_t2un8HGVve14S9ZfJAVryRiJ3z4rCDJGINCJkR2A1ADJGZCUzkYXQSbZ_2TFZ9vhEoOQ0:1vGxdI:K0lV9MBNpCphxUz0fC-v0vD8uHL326GKXrUMchJRxgQ	2025-11-06 19:54:24.960075+08
4l3j14ci9qosucafddumt0gsxvqrmhb8	.eJxVjMsOwiAQRf-FtSEMjwIu3fsNZGAGWzU0Ke3K-O_apAvd3nPOfYmE2zqmrfOSJhJnAeL0u2UsD247oDu22yzL3NZlynJX5EG7vM7Ez8vh_h2M2MdvXY3nwQVQWBAIKDsXTYWsyUZSNoJ3PBRdgYPNASKRUTqi14aYXC3i_QHgbzgB:1vI7zQ:NqRLYUUAbywMUgEJPOvm8gODGdzzSHTG_u0QtrULB5A	2025-11-10 01:10:04.569848+08
g3pvmqrocyhhsavfpdrw55ifphq950wp	.eJxVjEEOgjAQRe_StWmGdtpSl-49A5npDIIaSCisjHdXEha6_e-9_zIdbevQbVWXbhRzNo05_W5M5aHTDuRO0222ZZ7WZWS7K_ag1V5n0eflcP8OBqrDt_atNFkRfcHotIAKKOUYPCTnXATkJH0g7BkSkyiww5DV54LQupjM-wPVEzdn:1vIJ5D:GTYywx2cIZAlKr-wJWHdIj-U4ZIaFroUbw7_zS5D9MA	2025-11-10 13:00:47.002789+08
hpuwaolovyxvmqu895vecaks7wdd9ovw	.eJxVjEEOwiAQRe_C2pBCKe24dO8ZyMwwSNVAUtqV8e7apAvd_vfef6mA25rD1mQJc1RnZdXpdyPkh5QdxDuWW9Vcy7rMpHdFH7Tpa43yvBzu30HGlr-1E4QByHRohCwgkgfPvTfjwIDOJAGKzBbIyZREvBUeuyg9WTP1yan3B_9YOMU:1vIok0:59hMsqM1lCNEeXmt7fERpswc7jxQHDqNSGn1qe35Ucg	2025-11-11 22:49:00.888788+08
4z9vcrjjuefh1g1r77m8bm7f77zsxw8v	.eJxVjMEKwyAQRP_FcxGMmmR77L3fILvuWtMWhZicQv-9CeTQngbmvZlNBVyXHNYmc5hYXZVVl9-OML6kHICfWB5Vx1qWeSJ9KPqkTd8ry_t2un8HGVve14S9ZfJAVryRiJ3z4rCDJGINCJkR2A1ADJGZCUzkYXQSbZ_2TFZ9vhEoOQ0:1vGxk9:u-u89QbkWPNMPpLXlK-MubQOLLsG1HLV-WmoohLwoBA	2025-11-06 20:01:29.250526+08
hh83let91qde3ew1uo8auict9ryl5w2e	.eJxVjDsOwyAQRO9CHSF-CyZlep8BsQsEJxGWjF1FuXtsyUVSjTTvzbxZiNtaw9bzEqbErkyyy2-HkZ65HSA9YrvPnOa2LhPyQ-En7XycU37dTvfvoMZe9zUI67VOA5gMQwFJlMntgcUo56wXSmTnURNKVZIpFkiDpULaeYNRss8Xz7I3rg:1vI8Fl:dGFLAfZJWqSXjcYkdWpKtIMIg8gEDT0edkBHqNtpELU	2025-11-10 01:26:57.940115+08
2mwhen2f0d9j1ggw26q6ur26lij3kus4	.eJxVjEEOwiAQAP_C2ZDd0lrq0XvfQGB3kaqBpLQn49-VpAe9zkzmpZzft-T2KqtbWF0UqtMvC54ekpvgu8-3oqnkbV2Cbok-bNVzYXlej_ZvkHxNbQvUY4z9xICTjZbtSAOeJxnIhCCEHYCPAKb_Oh4DdEEQ2KM1JFE69f4A4jQ4Sg:1vIvxD:yEDsAchdUCjBIawSEYV3QMvfRxwQf1a0E4xhc0Q7rJY	2025-11-12 06:31:07.325185+08
kp5mx59devi7d9w0vhpss28r0i5we5bz	.eJxVjMsOwiAQRf-FtSE8WmBcuvcbyAwMUjU0Ke3K-O_apAvd3nPOfYmI21rj1nmJUxZnYcXpdyNMD247yHdst1mmua3LRHJX5EG7vM6Zn5fD_Tuo2Ou3hjKAGwuTKyGNqYAxnLzxpIIOpC2oQgqBtAEYMpJG5pKVpaAdgbfi_QH0DDhC:1vIorN:_hP0bZnApfGVGchyc6L1CgLcRPp3Niul8B2NAa-pNjg	2025-11-11 22:56:37.948255+08
j7svvdbfe3kypplwgvnoxk92cx42d80t	.eJxVjDsOwjAQBe_iGlnZjZ3YlPScIdpfSADFUj4V4u4QKQW0b2bey3W0rUO3LTZ3o7qzA3f63ZjkYdMO9E7TrXgp0zqP7HfFH3Tx16L2vBzu38FAy_CtWUkUElTWtyn2NSJLTqAtW6s59BEZmFNqNBsGjBLq2poKA1ckEcS9P_yhOCg:1vGxkA:duEL9URi9jCHfnV49uqMBD_Wz6zTR2oGXvjnpyEDKdA	2025-11-06 20:01:30.651297+08
lftfek7774jgr2y34sen5dnk04y4iz1c	.eJxVjMEKwyAQRP_FcxGMmmR77L3fILvuWtMWhZicQv-9CeTQngbmvZlNBVyXHNYmc5hYXZVVl9-OML6kHICfWB5Vx1qWeSJ9KPqkTd8ry_t2un8HGVve14S9ZfJAVryRiJ3z4rCDJGINCJkR2A1ADJGZCUzkYXQSbZ_2TFZ9vhEoOQ0:1vGxng:MA9kOxEEC5sH4lFW36VWlQO9XyZMHXXgomndoJxwXpI	2025-11-06 20:05:08.607776+08
43yzor563i9vjf84bjo0ytz7pb4d1xh3	.eJxVjDsOwjAQBe_iGlnxZzcOJT1niHbtNQ6gWIqTCnF3iJQC2jcz76VG2tYybk2WcUrqrIw6_W5M8SHzDtKd5lvVsc7rMrHeFX3Qpq81yfNyuH8HhVr51gghDQCYBsxsfDbYgwWPVky2UcBGxwS-R0-B0UXxgIZdN_ShI8lRvT_CxjdR:1vISeW:J63u_H1TnHCe8HkxJfPtMqbXwFlf2NaOH5XwGKBseck	2025-11-10 23:13:52.502587+08
o8jnzmrkkwm6s7bvifkwbqcyxtsvpqsi	.eJxVjEEOwiAQRe_C2hAECoNL9z0DGZipVA0kpV0Z765NutDtf-_9l4i4rSVunZc4k7gILU6_W8L84LoDumO9NZlbXZc5yV2RB-1ybMTP6-H-HRTs5VsjAHtv8jApNn7KRDYH51jpRJ6tppScHawCjxAwh3MyGsCg15YcGRDvD_VJN-k:1vIp3I:ueGQmEBqBpwdqD09zbbLiY5XGrniT0uhS73wLGsEvL4	2025-11-11 23:08:56.596293+08
mq730nnmkqu0vkue5psa80tod8pbvx4f	.eJxVjMEKwyAQRP_FcxGMmmR77L3fILvuWtMWhZicQv-9CeTQngbmvZlNBVyXHNYmc5hYXZVVl9-OML6kHICfWB5Vx1qWeSJ9KPqkTd8ry_t2un8HGVve14S9ZfJAVryRiJ3z4rCDJGINCJkR2A1ADJGZCUzkYXQSbZ_2TFZ9vhEoOQ0:1vGxxk:0bvmGwcGp9Wsm58_OWB2RT8wbOpbq8Id2RtTUEM976g	2025-11-06 20:15:32.461006+08
igttjm8hkcrdeywg3w7kehx2p6z0jgtm	.eJxdTjkOwjAQ_ItbwLLXB0lKejp6y97dEANJpBw0iL9jJApAmmruhwhxXbqwzjyFTKIRWmy_uRTxysNboEsczqPEcVimnOTbIj_qLI8j8e3w8f4UdHHuStqjA0RNqbLe6lgnJkUGWm2RK_KpBq7ZeMfGWqIqRkTktG8roL1LoEpppD4P4c5TbjOXR8u08j8bltxzmQMFbqd1wUnbxkCjvPROWwMbpRqlxPMFp-VQKA:1vIpPi:w8E9AVS1HoOiBYP5DtwPl3VqxuUbtUBGaq_KcV7eCoY	2025-11-11 23:32:06.684413+08
dwztpwfi7i2hj3dxd63axfybdproj76n	.eJxVjDsOwjAQBe_iGlnxb9ehpM8ZrPUPB5AtxUmFuDuJlALaNzPvzRxta3FbT4ubI7sywS6_m6fwTPUA8UH13nhodV1mzw-Fn7TzqcX0up3u30GhXvZaGvIotSA9eDIBYBQQVcgUpR0UBim09TtC0iNCAiCUijLajGQMJPb5AtWdN5o:1vISq1:Ipe3Rj067CAnQCEvi_C50F-8xEh0zOZncBklV2NYpQc	2025-11-10 23:25:45.080573+08
8tgyy17ub8a7ul622qhi233l0tamb58v	.eJxVjEsOwjAMBe-SNYpaO8qHJXvOENmxIQXUSk27QtydVuoCtm_mzdtkWpea16ZzHsScTW9OvxtTeeq4A3nQeJ9smcZlHtjuij1os9dJ9HU53L9ApVa3tyZCDZ0DBq_gCsWu4M1tAS8cCkb0oBIRenQgzATsEUUopBSU2Xy-8eU4fw:1vIwGr:kVLOZTwjSmEOl5S_lpUlSGPFoU_1j8rlifVKzryL2sU	2025-11-12 06:51:25.787861+08
mvy32u6krfz7kmugdld6qy9v08lei084	.eJxVjDsOwjAQBe_iGlnxb9ehpM8ZrPUPB5AtxUmFuDuJlALaNzPvzRxta3FbT4ubI7sywS6_m6fwTPUA8UH13nhodV1mzw-Fn7TzqcX0up3u30GhXvZaGvIotSA9eDIBYBQQVcgUpR0UBim09TtC0iNCAiCUijLajGQMJPb5AtWdN5o:1vISrC:aJGSwJbNU01NxDhyBRrM3bGssEO7eFyIiJCrhJmWasw	2025-11-10 23:26:58.529229+08
45f7y7qh5h1faja7pjsbifu8ujx46y2n	.eJxVjEsOwjAMBe-SNYpaO8qHJXvOENmxIQXUSk27QtydVuoCtm_mzdtkWpea16ZzHsScTW9OvxtTeeq4A3nQeJ9smcZlHtjuij1os9dJ9HU53L9ApVa3tyZCDZ0DBq_gCsWu4M1tAS8cCkb0oBIRenQgzATsEUUopBSU2Xy-8eU4fw:1vIwHJ:9rzP_BDFY2LSOP9Dcrr_ITsnD3QS0VO7BScS_hb7MVE	2025-11-12 06:51:53.636405+08
arq70evpyvs91lexjez04qmujo9prmfh	.eJxVjMsOwiAURP-FtSG8BZfu_QZyuVykaiAp7cr477ZJFzrLOWfmzSKsS43roDlOmV2YZqffLgE-qe0gP6DdO8felnlKfFf4QQe_9Uyv6-H-HVQYdVuTki5ZtDK4hEJblEXjOVnlQagt5Jw3GLQyCQ0UHbwPRRtD3pZgrGCfL8ntNuw:1vH0yZ:HI_rN1fV8aUr42SNnTG4IJDAJC75ZXlhL-a33jAZlMc	2025-11-06 23:28:35.269007+08
3nme5gp24i7rmvbdt098ridifjr18qjo	.eJxVjDsOwjAQBe_iGlnxb9ehpM8ZrPUPB5AtxUmFuDuJlALaNzPvzRxta3FbT4ubI7sywS6_m6fwTPUA8UH13nhodV1mzw-Fn7TzqcX0up3u30GhXvZaGvIotSA9eDIBYBQQVcgUpR0UBim09TtC0iNCAiCUijLajGQMJPb5AtWdN5o:1vISrD:22O4MR2pVAM76yQMWidl4ysQSca1RPYxXsUCqHyMEBw	2025-11-10 23:26:59.232285+08
kchg8s0ky0pvdv0zgzsfn0jzvj6et0d1	.eJxVjEsOwjAMBe-SNYpaO8qHJXvOENmxIQXUSk27QtydVuoCtm_mzdtkWpea16ZzHsScTW9OvxtTeeq4A3nQeJ9smcZlHtjuij1os9dJ9HU53L9ApVa3tyZCDZ0DBq_gCsWu4M1tAS8cCkb0oBIRenQgzATsEUUopBSU2Xy-8eU4fw:1vIwIK:BKLBHfYKx1xQtVv3WYrRwxuhn6wtnC1qaOly84v5MQ4	2025-11-12 06:52:56.291744+08
di36g8ca557q809netv4v6b6gsm8opk2	.eJxVjDEOgzAQBP_iOrI4wGc7ZXreYJ1950ASGQlDFeXvAYkiKbbZmd23CrStY9iqLGFidVWgLr9dpPSUcgB-ULnPOs1lXaaoD0WftOphZnndTvfvYKQ67uvWOmJI2PQ-AmOfSLoW0GWXnI0ZImUQ3NO0XojFGbZgMmKHxpjeq88X7IQ34Q:1vH1Lv:01v6uUyJEk5iz-aIc97Fm0CwnHw1HrcBGq2oTNnzph4	2025-11-06 23:52:43.813035+08
249nhqu7rs6f7gdadqq4qkzjh6zwn31m	.eJxVjDsOwjAQBe_iGlnxb9ehpM8ZrPUPB5AtxUmFuDuJlALaNzPvzRxta3FbT4ubI7sywS6_m6fwTPUA8UH13nhodV1mzw-Fn7TzqcX0up3u30GhXvZaGvIotSA9eDIBYBQQVcgUpR0UBim09TtC0iNCAiCUijLajGQMJPb5AtWdN5o:1vIafH:U17J6f567tSKqQBYgzTyYIf4JMNuCc5sDntQZwVxHJI	2025-11-11 07:47:11.684358+08
npe29cbvykadoh1j2g23evr72vzqmpv0	.eJxVjDkOwjAURO_iGlmOLS-hpOcM1t-MAyiR4qSKuDuJlAKKaea9mU1lWJea1yZzHlhdlVOX3w6BXjIegJ8wPiZN07jMA-pD0Sdt-j6xvG-n-3dQodV9bVPB6AKiMEXwPhAIOVOSEQ7SBQ5o0TgS65JAJ2x7s8f1PlISX9TnCw93OMY:1vH1MA:OIOdM9lZEvI9cYibdaDWtySl8jMmgfflbtTsoQ2eAYQ	2025-11-06 23:52:58.602794+08
9jxpeidodobyptwaq125xkwdily2oxor	.eJxVjDsOwjAQBe_iGlnxb9ehpM8ZrPUPB5AtxUmFuDuJlALaNzPvzRxta3FbT4ubI7sywS6_m6fwTPUA8UH13nhodV1mzw-Fn7TzqcX0up3u30GhXvZaGvIotSA9eDIBYBQQVcgUpR0UBim09TtC0iNCAiCUijLajGQMJPb5AtWdN5o:1vIafH:U17J6f567tSKqQBYgzTyYIf4JMNuCc5sDntQZwVxHJI	2025-11-11 07:47:11.703578+08
a7odzepcazppj71vadvnpdaxxvpicej1	.eJxVjEEOwiAQRe_C2hAojIBL956BDMNUqgaS0q6MdzckXej2v_f-W0TctxL3zmtcsrgII06_W0J6ch0gP7Dem6RWt3VJcijyoF3eWubX9XD_Dgr2MmqNOltjjM7KewSyjgjmdA440ewCk5sQQ3bJgbeIzAEAgk2sAEmR-HwB9IQ4kw:1vH2BQ:ve3C1uBDxX_mY6fT3fsDjoRZMMY1vAQawyi9f25CkFM	2025-11-07 00:45:56.194566+08
vq5o9nksm3xgf7e1fe7c1ks03l3jfwpu	.eJxVjEEOwiAQRe_C2hCgnQIu3fcMZCgzUjWQlHZlvLtt0oVu_3vvv0XAbc1ha7SEOYmr0OLyu0WcnlQOkB5Y7lVOtazLHOWhyJM2OdZEr9vp_h1kbHmvgTtMBOCZtIJOWQDFhpGMdi4qtL3H5GgggxAZYgKGPYgTW2d8P4jPF_HXOJw:1vIamK:DU6D3AX979Bf-joZ3eFs_cnUUpNVCPKFV6bCSTQ56-0	2025-11-11 07:54:28.082396+08
sbv00dq1goiuut4l6zjlcmrbb9isbg0x	.eJxVjEEOwiAQRe_C2hAojIBL956BDMNUqgaS0q6MdzckXej2v_f-W0TctxL3zmtcsrgII06_W0J6ch0gP7Dem6RWt3VJcijyoF3eWubX9XD_Dgr2MmqNOltjjM7KewSyjgjmdA440ewCk5sQQ3bJgbeIzAEAgk2sAEmR-HwB9IQ4kw:1vH2Cw:SCR6ym_ZCEhCuRygWJE8OCY3wGQ5_0Yn9wrLwEjcSe0	2025-11-07 00:47:30.772325+08
4ua8vbakjxjmx7coh962vg3stvxnp156	.eJxVjDsOwjAQBe_iGln2-kco6XMGy9714gBypDipEHeHSCmgfTPzXiKmba1x62WJE4mL0OL0u-WEj9J2QPfUbrPEua3LlOWuyIN2Oc5UntfD_Tuoqddv7XTwHAxphmyIA_gALvhiNdmcFCMay1qhoQHZAZwhoDFuUB4yZ5fE-wPU3Dea:1vIbKy:ovZ0xAboEDC3HXJyRSKlTV8LoQrveSt4e6Yj-zSF5KQ	2025-11-11 08:30:16.559775+08
bwp1q0ogzjqnxuwrevo7sud14gc8ivae	.eJxVjDsOwjAQBe_iGln2-kco6XMGy9714gBypDipEHeHSCmgfTPzXiKmba1x62WJE4mL0OL0u-WEj9J2QPfUbrPEua3LlOWuyIN2Oc5UntfD_Tuoqddv7XTwHAxphmyIA_gALvhiNdmcFCMay1qhoQHZAZwhoDFuUB4yZ5fE-wPU3Dea:1vIg6T:2sf7MG8Unm6YLXFwGqnlJUuqBGbSxAUZ9PzIyVFSyXA	2025-11-11 13:35:37.922697+08
\.


--
-- TOC entry 5215 (class 0 OID 0)
-- Dependencies: 225
-- Name: auth_group_id_seq; Type: SEQUENCE SET; Schema: public; Owner: postgres
--

SELECT pg_catalog.setval('public.auth_group_id_seq', 1, false);


--
-- TOC entry 5216 (class 0 OID 0)
-- Dependencies: 227
-- Name: auth_group_permissions_id_seq; Type: SEQUENCE SET; Schema: public; Owner: postgres
--

SELECT pg_catalog.setval('public.auth_group_permissions_id_seq', 1, false);


--
-- TOC entry 5217 (class 0 OID 0)
-- Dependencies: 223
-- Name: auth_permission_id_seq; Type: SEQUENCE SET; Schema: public; Owner: postgres
--

SELECT pg_catalog.setval('public.auth_permission_id_seq', 64, true);


--
-- TOC entry 5218 (class 0 OID 0)
-- Dependencies: 231
-- Name: auth_user_groups_id_seq; Type: SEQUENCE SET; Schema: public; Owner: postgres
--

SELECT pg_catalog.setval('public.auth_user_groups_id_seq', 1, false);


--
-- TOC entry 5219 (class 0 OID 0)
-- Dependencies: 229
-- Name: auth_user_id_seq; Type: SEQUENCE SET; Schema: public; Owner: postgres
--

SELECT pg_catalog.setval('public.auth_user_id_seq', 3, true);


--
-- TOC entry 5220 (class 0 OID 0)
-- Dependencies: 233
-- Name: auth_user_user_permissions_id_seq; Type: SEQUENCE SET; Schema: public; Owner: postgres
--

SELECT pg_catalog.setval('public.auth_user_user_permissions_id_seq', 1, false);


--
-- TOC entry 5221 (class 0 OID 0)
-- Dependencies: 237
-- Name: consumers_barangay_id_seq; Type: SEQUENCE SET; Schema: public; Owner: postgres
--

SELECT pg_catalog.setval('public.consumers_barangay_id_seq', 14, true);


--
-- TOC entry 5222 (class 0 OID 0)
-- Dependencies: 247
-- Name: consumers_bill_id_seq; Type: SEQUENCE SET; Schema: public; Owner: postgres
--

SELECT pg_catalog.setval('public.consumers_bill_id_seq', 15, true);


--
-- TOC entry 5223 (class 0 OID 0)
-- Dependencies: 243
-- Name: consumers_consumer_id_seq; Type: SEQUENCE SET; Schema: public; Owner: postgres
--

SELECT pg_catalog.setval('public.consumers_consumer_id_seq', 12, true);


--
-- TOC entry 5224 (class 0 OID 0)
-- Dependencies: 239
-- Name: consumers_meterbrand_id_seq; Type: SEQUENCE SET; Schema: public; Owner: postgres
--

SELECT pg_catalog.setval('public.consumers_meterbrand_id_seq', 2, true);


--
-- TOC entry 5225 (class 0 OID 0)
-- Dependencies: 245
-- Name: consumers_meterreading_id_seq; Type: SEQUENCE SET; Schema: public; Owner: postgres
--

SELECT pg_catalog.setval('public.consumers_meterreading_id_seq', 30, true);


--
-- TOC entry 5226 (class 0 OID 0)
-- Dependencies: 251
-- Name: consumers_payment_id_seq; Type: SEQUENCE SET; Schema: public; Owner: postgres
--

SELECT pg_catalog.setval('public.consumers_payment_id_seq', 10, true);


--
-- TOC entry 5227 (class 0 OID 0)
-- Dependencies: 249
-- Name: consumers_purok_id_seq; Type: SEQUENCE SET; Schema: public; Owner: postgres
--

SELECT pg_catalog.setval('public.consumers_purok_id_seq', 10, true);


--
-- TOC entry 5228 (class 0 OID 0)
-- Dependencies: 253
-- Name: consumers_staffprofile_id_seq; Type: SEQUENCE SET; Schema: public; Owner: postgres
--

SELECT pg_catalog.setval('public.consumers_staffprofile_id_seq', 2, true);


--
-- TOC entry 5229 (class 0 OID 0)
-- Dependencies: 241
-- Name: consumers_systemsetting_id_seq; Type: SEQUENCE SET; Schema: public; Owner: postgres
--

SELECT pg_catalog.setval('public.consumers_systemsetting_id_seq', 1, false);


--
-- TOC entry 5230 (class 0 OID 0)
-- Dependencies: 256
-- Name: consumers_userloginevent_id_seq; Type: SEQUENCE SET; Schema: public; Owner: postgres
--

SELECT pg_catalog.setval('public.consumers_userloginevent_id_seq', 49, true);


--
-- TOC entry 5231 (class 0 OID 0)
-- Dependencies: 235
-- Name: django_admin_log_id_seq; Type: SEQUENCE SET; Schema: public; Owner: postgres
--

SELECT pg_catalog.setval('public.django_admin_log_id_seq', 30, true);


--
-- TOC entry 5232 (class 0 OID 0)
-- Dependencies: 221
-- Name: django_content_type_id_seq; Type: SEQUENCE SET; Schema: public; Owner: postgres
--

SELECT pg_catalog.setval('public.django_content_type_id_seq', 16, true);


--
-- TOC entry 5233 (class 0 OID 0)
-- Dependencies: 219
-- Name: django_migrations_id_seq; Type: SEQUENCE SET; Schema: public; Owner: postgres
--

SELECT pg_catalog.setval('public.django_migrations_id_seq', 28, true);


--
-- TOC entry 4918 (class 2606 OID 16567)
-- Name: auth_group auth_group_name_key; Type: CONSTRAINT; Schema: public; Owner: postgres
--

ALTER TABLE ONLY public.auth_group
    ADD CONSTRAINT auth_group_name_key UNIQUE (name);


--
-- TOC entry 4923 (class 2606 OID 16488)
-- Name: auth_group_permissions auth_group_permissions_group_id_permission_id_0cd325b0_uniq; Type: CONSTRAINT; Schema: public; Owner: postgres
--

ALTER TABLE ONLY public.auth_group_permissions
    ADD CONSTRAINT auth_group_permissions_group_id_permission_id_0cd325b0_uniq UNIQUE (group_id, permission_id);


--
-- TOC entry 4926 (class 2606 OID 16440)
-- Name: auth_group_permissions auth_group_permissions_pkey; Type: CONSTRAINT; Schema: public; Owner: postgres
--

ALTER TABLE ONLY public.auth_group_permissions
    ADD CONSTRAINT auth_group_permissions_pkey PRIMARY KEY (id);


--
-- TOC entry 4920 (class 2606 OID 16429)
-- Name: auth_group auth_group_pkey; Type: CONSTRAINT; Schema: public; Owner: postgres
--

ALTER TABLE ONLY public.auth_group
    ADD CONSTRAINT auth_group_pkey PRIMARY KEY (id);


--
-- TOC entry 4913 (class 2606 OID 16479)
-- Name: auth_permission auth_permission_content_type_id_codename_01ab375a_uniq; Type: CONSTRAINT; Schema: public; Owner: postgres
--

ALTER TABLE ONLY public.auth_permission
    ADD CONSTRAINT auth_permission_content_type_id_codename_01ab375a_uniq UNIQUE (content_type_id, codename);


--
-- TOC entry 4915 (class 2606 OID 16421)
-- Name: auth_permission auth_permission_pkey; Type: CONSTRAINT; Schema: public; Owner: postgres
--

ALTER TABLE ONLY public.auth_permission
    ADD CONSTRAINT auth_permission_pkey PRIMARY KEY (id);


--
-- TOC entry 4934 (class 2606 OID 16468)
-- Name: auth_user_groups auth_user_groups_pkey; Type: CONSTRAINT; Schema: public; Owner: postgres
--

ALTER TABLE ONLY public.auth_user_groups
    ADD CONSTRAINT auth_user_groups_pkey PRIMARY KEY (id);


--
-- TOC entry 4937 (class 2606 OID 16503)
-- Name: auth_user_groups auth_user_groups_user_id_group_id_94350c0c_uniq; Type: CONSTRAINT; Schema: public; Owner: postgres
--

ALTER TABLE ONLY public.auth_user_groups
    ADD CONSTRAINT auth_user_groups_user_id_group_id_94350c0c_uniq UNIQUE (user_id, group_id);


--
-- TOC entry 4928 (class 2606 OID 16457)
-- Name: auth_user auth_user_pkey; Type: CONSTRAINT; Schema: public; Owner: postgres
--

ALTER TABLE ONLY public.auth_user
    ADD CONSTRAINT auth_user_pkey PRIMARY KEY (id);


--
-- TOC entry 4940 (class 2606 OID 16477)
-- Name: auth_user_user_permissions auth_user_user_permissions_pkey; Type: CONSTRAINT; Schema: public; Owner: postgres
--

ALTER TABLE ONLY public.auth_user_user_permissions
    ADD CONSTRAINT auth_user_user_permissions_pkey PRIMARY KEY (id);


--
-- TOC entry 4943 (class 2606 OID 16517)
-- Name: auth_user_user_permissions auth_user_user_permissions_user_id_permission_id_14a6b632_uniq; Type: CONSTRAINT; Schema: public; Owner: postgres
--

ALTER TABLE ONLY public.auth_user_user_permissions
    ADD CONSTRAINT auth_user_user_permissions_user_id_permission_id_14a6b632_uniq UNIQUE (user_id, permission_id);


--
-- TOC entry 4931 (class 2606 OID 16560)
-- Name: auth_user auth_user_username_key; Type: CONSTRAINT; Schema: public; Owner: postgres
--

ALTER TABLE ONLY public.auth_user
    ADD CONSTRAINT auth_user_username_key UNIQUE (username);


--
-- TOC entry 4950 (class 2606 OID 16580)
-- Name: consumers_barangay consumers_barangay_name_key; Type: CONSTRAINT; Schema: public; Owner: postgres
--

ALTER TABLE ONLY public.consumers_barangay
    ADD CONSTRAINT consumers_barangay_name_key UNIQUE (name);


--
-- TOC entry 4952 (class 2606 OID 16578)
-- Name: consumers_barangay consumers_barangay_pkey; Type: CONSTRAINT; Schema: public; Owner: postgres
--

ALTER TABLE ONLY public.consumers_barangay
    ADD CONSTRAINT consumers_barangay_pkey PRIMARY KEY (id);


--
-- TOC entry 4976 (class 2606 OID 16651)
-- Name: consumers_bill consumers_bill_pkey; Type: CONSTRAINT; Schema: public; Owner: postgres
--

ALTER TABLE ONLY public.consumers_bill
    ADD CONSTRAINT consumers_bill_pkey PRIMARY KEY (id);


--
-- TOC entry 4962 (class 2606 OID 16716)
-- Name: consumers_consumer consumers_consumer_account_number_key; Type: CONSTRAINT; Schema: public; Owner: postgres
--

ALTER TABLE ONLY public.consumers_consumer
    ADD CONSTRAINT consumers_consumer_account_number_key UNIQUE (account_number);


--
-- TOC entry 4966 (class 2606 OID 16620)
-- Name: consumers_consumer consumers_consumer_pkey; Type: CONSTRAINT; Schema: public; Owner: postgres
--

ALTER TABLE ONLY public.consumers_consumer
    ADD CONSTRAINT consumers_consumer_pkey PRIMARY KEY (id);


--
-- TOC entry 4955 (class 2606 OID 16590)
-- Name: consumers_meterbrand consumers_meterbrand_name_key; Type: CONSTRAINT; Schema: public; Owner: postgres
--

ALTER TABLE ONLY public.consumers_meterbrand
    ADD CONSTRAINT consumers_meterbrand_name_key UNIQUE (name);


--
-- TOC entry 4957 (class 2606 OID 16588)
-- Name: consumers_meterbrand consumers_meterbrand_pkey; Type: CONSTRAINT; Schema: public; Owner: postgres
--

ALTER TABLE ONLY public.consumers_meterbrand
    ADD CONSTRAINT consumers_meterbrand_pkey PRIMARY KEY (id);


--
-- TOC entry 4970 (class 2606 OID 16681)
-- Name: consumers_meterreading consumers_meterreading_consumer_id_reading_date_c81b1f19_uniq; Type: CONSTRAINT; Schema: public; Owner: postgres
--

ALTER TABLE ONLY public.consumers_meterreading
    ADD CONSTRAINT consumers_meterreading_consumer_id_reading_date_c81b1f19_uniq UNIQUE (consumer_id, reading_date);


--
-- TOC entry 4972 (class 2606 OID 16633)
-- Name: consumers_meterreading consumers_meterreading_pkey; Type: CONSTRAINT; Schema: public; Owner: postgres
--

ALTER TABLE ONLY public.consumers_meterreading
    ADD CONSTRAINT consumers_meterreading_pkey PRIMARY KEY (id);


--
-- TOC entry 4984 (class 2606 OID 16731)
-- Name: consumers_payment consumers_payment_or_number_key; Type: CONSTRAINT; Schema: public; Owner: postgres
--

ALTER TABLE ONLY public.consumers_payment
    ADD CONSTRAINT consumers_payment_or_number_key UNIQUE (or_number);


--
-- TOC entry 4986 (class 2606 OID 16729)
-- Name: consumers_payment consumers_payment_pkey; Type: CONSTRAINT; Schema: public; Owner: postgres
--

ALTER TABLE ONLY public.consumers_payment
    ADD CONSTRAINT consumers_payment_pkey PRIMARY KEY (id);


--
-- TOC entry 4980 (class 2606 OID 16660)
-- Name: consumers_purok consumers_purok_pkey; Type: CONSTRAINT; Schema: public; Owner: postgres
--

ALTER TABLE ONLY public.consumers_purok
    ADD CONSTRAINT consumers_purok_pkey PRIMARY KEY (id);


--
-- TOC entry 4989 (class 2606 OID 16749)
-- Name: consumers_staffprofile consumers_staffprofile_pkey; Type: CONSTRAINT; Schema: public; Owner: postgres
--

ALTER TABLE ONLY public.consumers_staffprofile
    ADD CONSTRAINT consumers_staffprofile_pkey PRIMARY KEY (id);


--
-- TOC entry 4991 (class 2606 OID 16751)
-- Name: consumers_staffprofile consumers_staffprofile_user_id_key; Type: CONSTRAINT; Schema: public; Owner: postgres
--

ALTER TABLE ONLY public.consumers_staffprofile
    ADD CONSTRAINT consumers_staffprofile_user_id_key UNIQUE (user_id);


--
-- TOC entry 4959 (class 2606 OID 16599)
-- Name: consumers_systemsetting consumers_systemsetting_pkey; Type: CONSTRAINT; Schema: public; Owner: postgres
--

ALTER TABLE ONLY public.consumers_systemsetting
    ADD CONSTRAINT consumers_systemsetting_pkey PRIMARY KEY (id);


--
-- TOC entry 5001 (class 2606 OID 16792)
-- Name: consumers_userloginevent consumers_userloginevent_pkey; Type: CONSTRAINT; Schema: public; Owner: postgres
--

ALTER TABLE ONLY public.consumers_userloginevent
    ADD CONSTRAINT consumers_userloginevent_pkey PRIMARY KEY (id);


--
-- TOC entry 4946 (class 2606 OID 16544)
-- Name: django_admin_log django_admin_log_pkey; Type: CONSTRAINT; Schema: public; Owner: postgres
--

ALTER TABLE ONLY public.django_admin_log
    ADD CONSTRAINT django_admin_log_pkey PRIMARY KEY (id);


--
-- TOC entry 4908 (class 2606 OID 16411)
-- Name: django_content_type django_content_type_app_label_model_76bd3d3b_uniq; Type: CONSTRAINT; Schema: public; Owner: postgres
--

ALTER TABLE ONLY public.django_content_type
    ADD CONSTRAINT django_content_type_app_label_model_76bd3d3b_uniq UNIQUE (app_label, model);


--
-- TOC entry 4910 (class 2606 OID 16409)
-- Name: django_content_type django_content_type_pkey; Type: CONSTRAINT; Schema: public; Owner: postgres
--

ALTER TABLE ONLY public.django_content_type
    ADD CONSTRAINT django_content_type_pkey PRIMARY KEY (id);


--
-- TOC entry 4906 (class 2606 OID 16399)
-- Name: django_migrations django_migrations_pkey; Type: CONSTRAINT; Schema: public; Owner: postgres
--

ALTER TABLE ONLY public.django_migrations
    ADD CONSTRAINT django_migrations_pkey PRIMARY KEY (id);


--
-- TOC entry 4994 (class 2606 OID 16777)
-- Name: django_session django_session_pkey; Type: CONSTRAINT; Schema: public; Owner: postgres
--

ALTER TABLE ONLY public.django_session
    ADD CONSTRAINT django_session_pkey PRIMARY KEY (session_key);


--
-- TOC entry 4916 (class 1259 OID 16568)
-- Name: auth_group_name_a6ea08ec_like; Type: INDEX; Schema: public; Owner: postgres
--

CREATE INDEX auth_group_name_a6ea08ec_like ON public.auth_group USING btree (name varchar_pattern_ops);


--
-- TOC entry 4921 (class 1259 OID 16499)
-- Name: auth_group_permissions_group_id_b120cbf9; Type: INDEX; Schema: public; Owner: postgres
--

CREATE INDEX auth_group_permissions_group_id_b120cbf9 ON public.auth_group_permissions USING btree (group_id);


--
-- TOC entry 4924 (class 1259 OID 16500)
-- Name: auth_group_permissions_permission_id_84c5c92e; Type: INDEX; Schema: public; Owner: postgres
--

CREATE INDEX auth_group_permissions_permission_id_84c5c92e ON public.auth_group_permissions USING btree (permission_id);


--
-- TOC entry 4911 (class 1259 OID 16485)
-- Name: auth_permission_content_type_id_2f476e4b; Type: INDEX; Schema: public; Owner: postgres
--

CREATE INDEX auth_permission_content_type_id_2f476e4b ON public.auth_permission USING btree (content_type_id);


--
-- TOC entry 4932 (class 1259 OID 16515)
-- Name: auth_user_groups_group_id_97559544; Type: INDEX; Schema: public; Owner: postgres
--

CREATE INDEX auth_user_groups_group_id_97559544 ON public.auth_user_groups USING btree (group_id);


--
-- TOC entry 4935 (class 1259 OID 16514)
-- Name: auth_user_groups_user_id_6a12ed8b; Type: INDEX; Schema: public; Owner: postgres
--

CREATE INDEX auth_user_groups_user_id_6a12ed8b ON public.auth_user_groups USING btree (user_id);


--
-- TOC entry 4938 (class 1259 OID 16529)
-- Name: auth_user_user_permissions_permission_id_1fbb5f2c; Type: INDEX; Schema: public; Owner: postgres
--

CREATE INDEX auth_user_user_permissions_permission_id_1fbb5f2c ON public.auth_user_user_permissions USING btree (permission_id);


--
-- TOC entry 4941 (class 1259 OID 16528)
-- Name: auth_user_user_permissions_user_id_a95ead1b; Type: INDEX; Schema: public; Owner: postgres
--

CREATE INDEX auth_user_user_permissions_user_id_a95ead1b ON public.auth_user_user_permissions USING btree (user_id);


--
-- TOC entry 4929 (class 1259 OID 16561)
-- Name: auth_user_username_6821ab7c_like; Type: INDEX; Schema: public; Owner: postgres
--

CREATE INDEX auth_user_username_6821ab7c_like ON public.auth_user USING btree (username varchar_pattern_ops);


--
-- TOC entry 4948 (class 1259 OID 16666)
-- Name: consumers_barangay_name_72d4ec79_like; Type: INDEX; Schema: public; Owner: postgres
--

CREATE INDEX consumers_barangay_name_72d4ec79_like ON public.consumers_barangay USING btree (name varchar_pattern_ops);


--
-- TOC entry 4973 (class 1259 OID 16703)
-- Name: consumers_bill_consumer_id_b10f086e; Type: INDEX; Schema: public; Owner: postgres
--

CREATE INDEX consumers_bill_consumer_id_b10f086e ON public.consumers_bill USING btree (consumer_id);


--
-- TOC entry 4974 (class 1259 OID 16704)
-- Name: consumers_bill_current_reading_id_ede91705; Type: INDEX; Schema: public; Owner: postgres
--

CREATE INDEX consumers_bill_current_reading_id_ede91705 ON public.consumers_bill USING btree (current_reading_id);


--
-- TOC entry 4977 (class 1259 OID 16705)
-- Name: consumers_bill_previous_reading_id_1877627c; Type: INDEX; Schema: public; Owner: postgres
--

CREATE INDEX consumers_bill_previous_reading_id_1877627c ON public.consumers_bill USING btree (previous_reading_id);


--
-- TOC entry 4960 (class 1259 OID 16732)
-- Name: consumers_consumer_account_number_382d2ca7_like; Type: INDEX; Schema: public; Owner: postgres
--

CREATE INDEX consumers_consumer_account_number_382d2ca7_like ON public.consumers_consumer USING btree (account_number varchar_pattern_ops);


--
-- TOC entry 4963 (class 1259 OID 16678)
-- Name: consumers_consumer_barangay_id_88264f4f; Type: INDEX; Schema: public; Owner: postgres
--

CREATE INDEX consumers_consumer_barangay_id_88264f4f ON public.consumers_consumer USING btree (barangay_id);


--
-- TOC entry 4964 (class 1259 OID 16679)
-- Name: consumers_consumer_meter_brand_id_a1772e22; Type: INDEX; Schema: public; Owner: postgres
--

CREATE INDEX consumers_consumer_meter_brand_id_a1772e22 ON public.consumers_consumer USING btree (meter_brand_id);


--
-- TOC entry 4967 (class 1259 OID 16712)
-- Name: consumers_consumer_purok_id_bdf5ed10; Type: INDEX; Schema: public; Owner: postgres
--

CREATE INDEX consumers_consumer_purok_id_bdf5ed10 ON public.consumers_consumer USING btree (purok_id);


--
-- TOC entry 4953 (class 1259 OID 16667)
-- Name: consumers_meterbrand_name_ffe348e4_like; Type: INDEX; Schema: public; Owner: postgres
--

CREATE INDEX consumers_meterbrand_name_ffe348e4_like ON public.consumers_meterbrand USING btree (name varchar_pattern_ops);


--
-- TOC entry 4968 (class 1259 OID 16687)
-- Name: consumers_meterreading_consumer_id_ac82b9d7; Type: INDEX; Schema: public; Owner: postgres
--

CREATE INDEX consumers_meterreading_consumer_id_ac82b9d7 ON public.consumers_meterreading USING btree (consumer_id);


--
-- TOC entry 4981 (class 1259 OID 16739)
-- Name: consumers_payment_bill_id_3ef42348; Type: INDEX; Schema: public; Owner: postgres
--

CREATE INDEX consumers_payment_bill_id_3ef42348 ON public.consumers_payment USING btree (bill_id);


--
-- TOC entry 4982 (class 1259 OID 16738)
-- Name: consumers_payment_or_number_14d1bdd2_like; Type: INDEX; Schema: public; Owner: postgres
--

CREATE INDEX consumers_payment_or_number_14d1bdd2_like ON public.consumers_payment USING btree (or_number varchar_pattern_ops);


--
-- TOC entry 4978 (class 1259 OID 16711)
-- Name: consumers_purok_barangay_id_4e5e27ce; Type: INDEX; Schema: public; Owner: postgres
--

CREATE INDEX consumers_purok_barangay_id_4e5e27ce ON public.consumers_purok USING btree (barangay_id);


--
-- TOC entry 4987 (class 1259 OID 16762)
-- Name: consumers_staffprofile_assigned_barangay_id_21bbcebb; Type: INDEX; Schema: public; Owner: postgres
--

CREATE INDEX consumers_staffprofile_assigned_barangay_id_21bbcebb ON public.consumers_staffprofile USING btree (assigned_barangay_id);


--
-- TOC entry 4996 (class 1259 OID 16818)
-- Name: consumers_u_login_t_cf1769_idx; Type: INDEX; Schema: public; Owner: postgres
--

CREATE INDEX consumers_u_login_t_cf1769_idx ON public.consumers_userloginevent USING btree (login_timestamp);


--
-- TOC entry 4997 (class 1259 OID 16820)
-- Name: consumers_u_status_8444e1_idx; Type: INDEX; Schema: public; Owner: postgres
--

CREATE INDEX consumers_u_status_8444e1_idx ON public.consumers_userloginevent USING btree (status);


--
-- TOC entry 4998 (class 1259 OID 16819)
-- Name: consumers_u_user_id_91ec72_idx; Type: INDEX; Schema: public; Owner: postgres
--

CREATE INDEX consumers_u_user_id_91ec72_idx ON public.consumers_userloginevent USING btree (user_id, login_timestamp);


--
-- TOC entry 4999 (class 1259 OID 16817)
-- Name: consumers_userloginevent_login_timestamp_280f955c; Type: INDEX; Schema: public; Owner: postgres
--

CREATE INDEX consumers_userloginevent_login_timestamp_280f955c ON public.consumers_userloginevent USING btree (login_timestamp);


--
-- TOC entry 5002 (class 1259 OID 16798)
-- Name: consumers_userloginevent_user_id_c17b71c5; Type: INDEX; Schema: public; Owner: postgres
--

CREATE INDEX consumers_userloginevent_user_id_c17b71c5 ON public.consumers_userloginevent USING btree (user_id);


--
-- TOC entry 4944 (class 1259 OID 16555)
-- Name: django_admin_log_content_type_id_c4bce8eb; Type: INDEX; Schema: public; Owner: postgres
--

CREATE INDEX django_admin_log_content_type_id_c4bce8eb ON public.django_admin_log USING btree (content_type_id);


--
-- TOC entry 4947 (class 1259 OID 16556)
-- Name: django_admin_log_user_id_c564eba6; Type: INDEX; Schema: public; Owner: postgres
--

CREATE INDEX django_admin_log_user_id_c564eba6 ON public.django_admin_log USING btree (user_id);


--
-- TOC entry 4992 (class 1259 OID 16779)
-- Name: django_session_expire_date_a5c62663; Type: INDEX; Schema: public; Owner: postgres
--

CREATE INDEX django_session_expire_date_a5c62663 ON public.django_session USING btree (expire_date);


--
-- TOC entry 4995 (class 1259 OID 16778)
-- Name: django_session_session_key_c0390e0f_like; Type: INDEX; Schema: public; Owner: postgres
--

CREATE INDEX django_session_session_key_c0390e0f_like ON public.django_session USING btree (session_key varchar_pattern_ops);


--
-- TOC entry 5004 (class 2606 OID 16494)
-- Name: auth_group_permissions auth_group_permissio_permission_id_84c5c92e_fk_auth_perm; Type: FK CONSTRAINT; Schema: public; Owner: postgres
--

ALTER TABLE ONLY public.auth_group_permissions
    ADD CONSTRAINT auth_group_permissio_permission_id_84c5c92e_fk_auth_perm FOREIGN KEY (permission_id) REFERENCES public.auth_permission(id) DEFERRABLE INITIALLY DEFERRED;


--
-- TOC entry 5005 (class 2606 OID 16489)
-- Name: auth_group_permissions auth_group_permissions_group_id_b120cbf9_fk_auth_group_id; Type: FK CONSTRAINT; Schema: public; Owner: postgres
--

ALTER TABLE ONLY public.auth_group_permissions
    ADD CONSTRAINT auth_group_permissions_group_id_b120cbf9_fk_auth_group_id FOREIGN KEY (group_id) REFERENCES public.auth_group(id) DEFERRABLE INITIALLY DEFERRED;


--
-- TOC entry 5003 (class 2606 OID 16480)
-- Name: auth_permission auth_permission_content_type_id_2f476e4b_fk_django_co; Type: FK CONSTRAINT; Schema: public; Owner: postgres
--

ALTER TABLE ONLY public.auth_permission
    ADD CONSTRAINT auth_permission_content_type_id_2f476e4b_fk_django_co FOREIGN KEY (content_type_id) REFERENCES public.django_content_type(id) DEFERRABLE INITIALLY DEFERRED;


--
-- TOC entry 5006 (class 2606 OID 16509)
-- Name: auth_user_groups auth_user_groups_group_id_97559544_fk_auth_group_id; Type: FK CONSTRAINT; Schema: public; Owner: postgres
--

ALTER TABLE ONLY public.auth_user_groups
    ADD CONSTRAINT auth_user_groups_group_id_97559544_fk_auth_group_id FOREIGN KEY (group_id) REFERENCES public.auth_group(id) DEFERRABLE INITIALLY DEFERRED;


--
-- TOC entry 5007 (class 2606 OID 16504)
-- Name: auth_user_groups auth_user_groups_user_id_6a12ed8b_fk_auth_user_id; Type: FK CONSTRAINT; Schema: public; Owner: postgres
--

ALTER TABLE ONLY public.auth_user_groups
    ADD CONSTRAINT auth_user_groups_user_id_6a12ed8b_fk_auth_user_id FOREIGN KEY (user_id) REFERENCES public.auth_user(id) DEFERRABLE INITIALLY DEFERRED;


--
-- TOC entry 5008 (class 2606 OID 16523)
-- Name: auth_user_user_permissions auth_user_user_permi_permission_id_1fbb5f2c_fk_auth_perm; Type: FK CONSTRAINT; Schema: public; Owner: postgres
--

ALTER TABLE ONLY public.auth_user_user_permissions
    ADD CONSTRAINT auth_user_user_permi_permission_id_1fbb5f2c_fk_auth_perm FOREIGN KEY (permission_id) REFERENCES public.auth_permission(id) DEFERRABLE INITIALLY DEFERRED;


--
-- TOC entry 5009 (class 2606 OID 16518)
-- Name: auth_user_user_permissions auth_user_user_permissions_user_id_a95ead1b_fk_auth_user_id; Type: FK CONSTRAINT; Schema: public; Owner: postgres
--

ALTER TABLE ONLY public.auth_user_user_permissions
    ADD CONSTRAINT auth_user_user_permissions_user_id_a95ead1b_fk_auth_user_id FOREIGN KEY (user_id) REFERENCES public.auth_user(id) DEFERRABLE INITIALLY DEFERRED;


--
-- TOC entry 5016 (class 2606 OID 16688)
-- Name: consumers_bill consumers_bill_consumer_id_b10f086e_fk_consumers_consumer_id; Type: FK CONSTRAINT; Schema: public; Owner: postgres
--

ALTER TABLE ONLY public.consumers_bill
    ADD CONSTRAINT consumers_bill_consumer_id_b10f086e_fk_consumers_consumer_id FOREIGN KEY (consumer_id) REFERENCES public.consumers_consumer(id) DEFERRABLE INITIALLY DEFERRED;


--
-- TOC entry 5017 (class 2606 OID 16693)
-- Name: consumers_bill consumers_bill_current_reading_id_ede91705_fk_consumers; Type: FK CONSTRAINT; Schema: public; Owner: postgres
--

ALTER TABLE ONLY public.consumers_bill
    ADD CONSTRAINT consumers_bill_current_reading_id_ede91705_fk_consumers FOREIGN KEY (current_reading_id) REFERENCES public.consumers_meterreading(id) DEFERRABLE INITIALLY DEFERRED;


--
-- TOC entry 5018 (class 2606 OID 16698)
-- Name: consumers_bill consumers_bill_previous_reading_id_1877627c_fk_consumers; Type: FK CONSTRAINT; Schema: public; Owner: postgres
--

ALTER TABLE ONLY public.consumers_bill
    ADD CONSTRAINT consumers_bill_previous_reading_id_1877627c_fk_consumers FOREIGN KEY (previous_reading_id) REFERENCES public.consumers_meterreading(id) DEFERRABLE INITIALLY DEFERRED;


--
-- TOC entry 5012 (class 2606 OID 16668)
-- Name: consumers_consumer consumers_consumer_barangay_id_88264f4f_fk_consumers; Type: FK CONSTRAINT; Schema: public; Owner: postgres
--

ALTER TABLE ONLY public.consumers_consumer
    ADD CONSTRAINT consumers_consumer_barangay_id_88264f4f_fk_consumers FOREIGN KEY (barangay_id) REFERENCES public.consumers_barangay(id) DEFERRABLE INITIALLY DEFERRED;


--
-- TOC entry 5013 (class 2606 OID 16673)
-- Name: consumers_consumer consumers_consumer_meter_brand_id_a1772e22_fk_consumers; Type: FK CONSTRAINT; Schema: public; Owner: postgres
--

ALTER TABLE ONLY public.consumers_consumer
    ADD CONSTRAINT consumers_consumer_meter_brand_id_a1772e22_fk_consumers FOREIGN KEY (meter_brand_id) REFERENCES public.consumers_meterbrand(id) DEFERRABLE INITIALLY DEFERRED;


--
-- TOC entry 5014 (class 2606 OID 16661)
-- Name: consumers_consumer consumers_consumer_purok_id_bdf5ed10_fk_consumers_purok_id; Type: FK CONSTRAINT; Schema: public; Owner: postgres
--

ALTER TABLE ONLY public.consumers_consumer
    ADD CONSTRAINT consumers_consumer_purok_id_bdf5ed10_fk_consumers_purok_id FOREIGN KEY (purok_id) REFERENCES public.consumers_purok(id) DEFERRABLE INITIALLY DEFERRED;


--
-- TOC entry 5015 (class 2606 OID 16682)
-- Name: consumers_meterreading consumers_meterreadi_consumer_id_ac82b9d7_fk_consumers; Type: FK CONSTRAINT; Schema: public; Owner: postgres
--

ALTER TABLE ONLY public.consumers_meterreading
    ADD CONSTRAINT consumers_meterreadi_consumer_id_ac82b9d7_fk_consumers FOREIGN KEY (consumer_id) REFERENCES public.consumers_consumer(id) DEFERRABLE INITIALLY DEFERRED;


--
-- TOC entry 5020 (class 2606 OID 16733)
-- Name: consumers_payment consumers_payment_bill_id_3ef42348_fk_consumers_bill_id; Type: FK CONSTRAINT; Schema: public; Owner: postgres
--

ALTER TABLE ONLY public.consumers_payment
    ADD CONSTRAINT consumers_payment_bill_id_3ef42348_fk_consumers_bill_id FOREIGN KEY (bill_id) REFERENCES public.consumers_bill(id) DEFERRABLE INITIALLY DEFERRED;


--
-- TOC entry 5019 (class 2606 OID 16706)
-- Name: consumers_purok consumers_purok_barangay_id_4e5e27ce_fk_consumers_barangay_id; Type: FK CONSTRAINT; Schema: public; Owner: postgres
--

ALTER TABLE ONLY public.consumers_purok
    ADD CONSTRAINT consumers_purok_barangay_id_4e5e27ce_fk_consumers_barangay_id FOREIGN KEY (barangay_id) REFERENCES public.consumers_barangay(id) DEFERRABLE INITIALLY DEFERRED;


--
-- TOC entry 5021 (class 2606 OID 16752)
-- Name: consumers_staffprofile consumers_staffprofi_assigned_barangay_id_21bbcebb_fk_consumers; Type: FK CONSTRAINT; Schema: public; Owner: postgres
--

ALTER TABLE ONLY public.consumers_staffprofile
    ADD CONSTRAINT consumers_staffprofi_assigned_barangay_id_21bbcebb_fk_consumers FOREIGN KEY (assigned_barangay_id) REFERENCES public.consumers_barangay(id) DEFERRABLE INITIALLY DEFERRED;


--
-- TOC entry 5022 (class 2606 OID 16757)
-- Name: consumers_staffprofile consumers_staffprofile_user_id_035d1d86_fk_auth_user_id; Type: FK CONSTRAINT; Schema: public; Owner: postgres
--

ALTER TABLE ONLY public.consumers_staffprofile
    ADD CONSTRAINT consumers_staffprofile_user_id_035d1d86_fk_auth_user_id FOREIGN KEY (user_id) REFERENCES public.auth_user(id) DEFERRABLE INITIALLY DEFERRED;


--
-- TOC entry 5023 (class 2606 OID 16793)
-- Name: consumers_userloginevent consumers_userloginevent_user_id_c17b71c5_fk_auth_user_id; Type: FK CONSTRAINT; Schema: public; Owner: postgres
--

ALTER TABLE ONLY public.consumers_userloginevent
    ADD CONSTRAINT consumers_userloginevent_user_id_c17b71c5_fk_auth_user_id FOREIGN KEY (user_id) REFERENCES public.auth_user(id) DEFERRABLE INITIALLY DEFERRED;


--
-- TOC entry 5010 (class 2606 OID 16545)
-- Name: django_admin_log django_admin_log_content_type_id_c4bce8eb_fk_django_co; Type: FK CONSTRAINT; Schema: public; Owner: postgres
--

ALTER TABLE ONLY public.django_admin_log
    ADD CONSTRAINT django_admin_log_content_type_id_c4bce8eb_fk_django_co FOREIGN KEY (content_type_id) REFERENCES public.django_content_type(id) DEFERRABLE INITIALLY DEFERRED;


--
-- TOC entry 5011 (class 2606 OID 16550)
-- Name: django_admin_log django_admin_log_user_id_c564eba6_fk_auth_user_id; Type: FK CONSTRAINT; Schema: public; Owner: postgres
--

ALTER TABLE ONLY public.django_admin_log
    ADD CONSTRAINT django_admin_log_user_id_c564eba6_fk_auth_user_id FOREIGN KEY (user_id) REFERENCES public.auth_user(id) DEFERRABLE INITIALLY DEFERRED;


-- Completed on 2025-11-26 12:43:42

--
-- PostgreSQL database dump complete
--

\unrestrict qhMjr0ccmoud1U9MlAFehckwfU06ymhWNxfhMIzKTNfb8sIKzoE1fGYfvM63OeJ

